district,total_days,anomaly_days,avg_z_score,max_z_score,anomaly_ratio,risk_score
ADILABAD,87,5,-7.656710514656252e-18,5.2656178332311985,0.05747126436781609,0.30262171455351716
AGAR MALWA,83,5,2.67523620391604e-18,4.684957492666409,0.060240963855421686,0.28222635497990417
AGRA,89,5,1.1850695206673019e-17,5.457353655829768,0.056179775280898875,0.3065929020129083
AHILYANAGAR,8,0,-2.7755575615628914e-17,1.590399819133369,0.0,0.0
AHMADABAD,84,3,-1.9825411154020653e-17,6.823150865674433,0.03571428571428571,0.24368395948837257
AHMADNAGAR,88,5,5.046468293750712e-18,5.152720118987323,0.056818181818181816,0.29276818857882514
AHMED NAGAR,84,2,4.097251638497602e-17,6.3172718907181125,0.023809523809523808,0.1504112354932884
AHMEDABAD,88,5,-7.569702440626067e-18,4.706911114221869,0.056818181818181816,0.26743813148987894
AIZAWL,87,2,-7.975740119433595e-18,8.444325820757033,0.022988505747126436,0.19412243266108123
AJMER,89,5,3.4304644019316634e-18,6.021407478491238,0.056179775280898875,0.33828131901636166
AKOLA,87,5,-2.743654601085157e-17,4.938811177689436,0.05747126436781609,0.2838397228557147
ALAPPUZHA,87,5,-1.3718273005425785e-17,4.707150978369835,0.05747126436781609,0.270525918297117
ALIGARH,88,5,-1.0092936587501423e-17,4.785733793052139,0.056818181818181816,0.2719166927870533
ALIPURDUAR,85,5,-2.938825653419532e-18,5.0195493864551315,0.058823529411764705,0.2952676109679489
ALIRAJPUR,84,4,-7.269317423140906e-18,5.022627549253506,0.047619047619047616,0.23917274044064313
ALLAHABAD,88,5,-1.2616170734376778e-17,5.037586713102372,0.056818181818181816,0.2862265177899075
ALLURI SITHARAMA RAJU,86,5,-1.4846005561848022e-17,5.437672848834902,0.05813953488372093,0.31614377028109897
ALMORA,85,5,-5.0123304199988686e-17,4.6444406234616515,0.058823529411764705,0.2732023896153913
ALWAR,87,5,3.062684205862501e-17,6.124025081368849,0.05747126436781609,0.35195546444648557
AMBALA,86,5,-1.9364355080671335e-18,5.007243599915924,0.05813953488372093,0.29111881394860023
AMBEDKAR NAGAR,87,5,-2.1055953915304692e-17,5.7815256821825365,0.05747126436781609,0.33227159093003084
AMETHI,88,5,-1.261617073437678e-18,5.042036464507427,0.056818181818181816,0.2864793445742856
AMRAVATI,87,5,8.29476972421094e-18,4.917318085792916,0.05747126436781609,0.282604487689248
AMRELI,86,5,1.9364355080671336e-17,4.955816581707687,0.05813953488372093,0.2881288710295167
AMRITSAR,87,5,-1.7227598657976568e-17,4.544283029886948,0.05747126436781609,0.2611656913728131
AMROHA,86,5,-5.163828021512356e-17,4.910617998201166,0.05813953488372093,0.28550104640704455
ANAKAPALLI,83,3,3.3440452548950498e-18,4.965311978990906,0.03614457831325301,0.17946910767437008
ANAND,84,5,-1.1895246692412391e-17,5.150608117394882,0.05952380952380952,0.3065838165116001
ANANTAPUR,87,5,-3.190296047773438e-17,4.541961112456015,0.05747126436781609,0.2610322478422997
ANANTHAPUR,86,4,-2.452818310218369e-17,5.674704760342681,0.046511627906976744,0.2639397562950084
ANANTHAPURAMU,86,4,4.35697989315105e-17,5.553989623891403,0.046511627906976744,0.25832509878564663
ANANTNAG,86,5,1.5330114438864806e-17,4.477589142157916,0.05813953488372093,0.2603249501254602
ANDAMANS,81,5,-3.118218988916335e-17,5.149851382451953,0.06172839506172839,0.3178920606451823
ANGUL,87,5,-1.1485065771984378e-17,4.221771805717554,0.05747126436781609,0.2426305635469859
ANJAW,67,4,-7.291016878135356e-17,4.748884503966216,0.05970149253731343,0.28351549277410243
ANNAMAYYA,84,4,-3.634658711570453e-18,6.157105791230016,0.047619047619047616,0.293195513868096
ANUGAL,4,0,,,0.0,
ANUGUL,82,4,-4.5398982676173514e-17,5.791476883378474,0.04878048780487805,0.28251106748187677
ANUPPUR,84,5,1.0903976134711359e-17,4.622497470567307,0.05952380952380952,0.2751486589623397
ARARIA,88,4,-3.374825671445788e-17,5.658193906374595,0.045454545454545456,0.25719063210793613
ARIYALUR,87,5,-4.4664144668828136e-18,5.687347673254685,0.05747126436781609,0.32685906168130374
ARVALLI,83,4,0.0,5.979712529869183,0.04819277108433735,0.28817891710212934
ARWAL,85,5,-1.1755302613678128e-17,5.100126907976521,0.058823529411764705,0.30000746517508947
ASHOK NAGAR,86,5,-5.809306524201401e-18,4.382777200677088,0.05813953488372093,0.25481262794634235
AURAIYA,87,5,2.488430917263282e-17,5.565325645352174,0.05747126436781609,0.3198463014570215
AURANGABAD,88,5,3.784851220313033e-18,5.313188917273335,0.056818181818181816,0.30188573393598495
AURANGABAD(BH),66,2,-4.625929269271485e-18,3.612978418647564,0.030303030303030304,0.10948419450447165
AYODHYA,86,3,1.290957005378089e-17,6.142372972539995,0.03488372093023256,0.2142688246234882
AZAMGARH,88,5,-2.460153293203472e-17,5.458796708432482,0.056818181818181816,0.3101589038882092
BADGAM,84,5,-9.912705577010326e-19,4.578622708052497,0.05952380952380952,0.27253706595550575
BAGALKOT,85,5,-2.1224851941363285e-17,4.4232897944810095,0.058823529411764705,0.2601935173224123
BAGALKOT *,83,3,-4.614782451755169e-17,6.498717566279312,0.03614457831325301,0.23489340601009562
BAGESHWAR,85,5,-3.591898020846095e-18,4.107239878822841,0.058823529411764705,0.2416023458131083
BAGHPAT,86,5,-5.292923722050165e-17,4.7207964030666,0.05813953488372093,0.27446490715503485
BAGPAT,6,0,1.4802973661668753e-16,1.2909944487358056,0.0,0.0
BAHRAICH,88,4,1.3877787807814457e-17,5.276642300952715,0.045454545454545456,0.2398473773160325
BAJALI,16,0,0.0,2.4834981694969573,0.0,0.0
BAKSA,87,4,-2.3927220358300786e-17,6.285871475134702,0.04597701149425287,0.2890055850636644
BALAGHAT,86,5,2.7110097112939868e-17,4.48070468484226,0.05813953488372093,0.26050608632803834
BALANGIR,87,5,-3.509325652550782e-17,4.575715409315025,0.05747126436781609,0.2629721499606336
BALESHWAR,86,5,3.033748962638509e-17,4.822533948205098,0.05813953488372093,0.28037988070959874
BALESWAR,87,5,1.7227598657976568e-17,4.347315297197374,0.05747126436781609,0.2498457067354813
BALLARI,85,5,-2.2857532859929693e-18,4.446601502284507,0.058823529411764705,0.2615647942520298
BALLIA,86,5,1.8073398075293247e-17,5.508259167149502,0.05813953488372093,0.3202476259970641
BALLY JAGACHHA,5,0,,,0.0,
BALOD,86,4,8.068481283613057e-18,5.123191943433787,0.046511627906976744,0.23828799736901335
BALODA BAZAR,88,4,-1.261617073437678e-18,5.0643456084181535,0.045454545454545456,0.23019752765537063
BALOTRA,5,0,8.881784197001253e-17,1.788854381999832,0.0,0.0
BALRAMPUR,89,5,-6.237208003512115e-18,4.980174308624321,0.056179775280898875,0.27978507351822024
BANAS KANTHA,74,1,-8.251657615457245e-18,7.993006253971565,0.013513513513513514,0.10801359802664277
BANASKANTHA,85,4,-3.918434204559376e-18,5.838587548146819,0.047058823529411764,0.27475706108926207
BANDA,87,4,2.5522368382187506e-17,5.248505155310425,0.04597701149425287,0.24131058185335286
BANDIPORE,83,5,-2.847663537371566e-17,4.88906535988265,0.060240963855421686,0.29452200963148495
BANGALORE,88,5,5.677276830469551e-18,4.826677590972212,0.056818181818181816,0.27424304494160295
BANGALORE RURAL,84,5,-3.634658711570453e-18,4.5202317994326675,0.05952380952380952,0.26906141663289684
BANKA,85,5,4.0163950596733603e-17,5.436295228448497,0.058823529411764705,0.31978207226167626
BANKURA,87,5,3.317907889684376e-17,5.575101374680197,0.05747126436781609,0.3204081249816205
BANSWARA,86,4,1.4846005561848022e-17,6.3755738182600465,0.046511627906976744,0.29653831712837425
BAPATLA,81,2,4.214735556447354e-17,7.045774717024551,0.024691358024691357,0.1739697460993716
BARA BANKI,87,5,2.998878284907032e-17,5.05424652907078,0.05747126436781609,0.2904739384523437
BARABANKI,84,5,0.0,6.228199391974283,0.05952380952380952,0.3707261542841835
BARAMULA,87,5,1.244215458631641e-17,4.6307686259681144,0.05747126436781609,0.266136127929202
BARAN,85,4,-3.7878197310740636e-17,5.727700168905267,0.047058823529411764,0.2695388314778949
BARDDHAMAN,87,5,-3.6369374944617196e-17,5.801505079189636,0.05747126436781609,0.3334198321373354
BARDEZ,25,1,-7.105427357601002e-17,2.7712812921102037,0.04,0.11085125168440815
BARDHAMAN,85,4,4.114355914787345e-17,6.543898480721746,0.047058823529411764,0.3079481637986704
BAREILLY,88,5,-2.3339915858597042e-17,4.863766334831569,0.056818181818181816,0.27635035993361184
BARGARH,88,5,-6.938893903907228e-18,4.83867075236526,0.056818181818181816,0.27492447456620794
BARMER,88,4,1.3877787807814457e-17,6.5300432538486275,0.045454545454545456,0.29682014790221034
BARNALA,87,5,2.9350723639515634e-17,4.741665645408927,0.05747126436781609,0.2725095198510878
BARPETA,88,4,-2.6493958542191237e-17,5.108999785233484,0.045454545454545456,0.2322272629651584
BARWANI,86,5,9.682177540335668e-18,5.010335435021894,0.05813953488372093,0.29129857180359847
BASTAR,86,4,5.0992801712434514e-17,5.47950837018023,0.046511627906976744,0.2548608544269874
BASTI,87,4,-4.4664144668828136e-18,5.274706536963937,0.04597701149425287,0.2425152430788017
BATHINDA,88,5,1.8924256101565167e-17,4.793740958734896,0.056818181818181816,0.2723716453826645
BAUDH,81,4,-1.7133071367672168e-17,5.857822617955536,0.04938271604938271,0.2892751910101499
BEAWAR,6,0,1.295260195396016e-16,1.2909944487358056,0.0,0.0
BEED,87,5,-1.1485065771984378e-17,5.258170845491142,0.05747126436781609,0.30219372675236444
BEGUSARAI,87,5,2.233207233441407e-17,5.327569926752634,0.05747126436781609,0.30618217969842726
BELAGAVI,85,5,4.37558486175797e-17,4.21361939273031,0.058823529411764705,0.24785996427825352
BELGAUM,88,5,-4.257957622852163e-18,4.497198995349866,0.056818181818181816,0.25552267019033326
BELLARY,87,5,4.4664144668828136e-18,4.511293834106574,0.05747126436781609,0.2592697605808376
BEMETARA,87,4,-1.850371707708594e-17,5.0889596611069585,0.04597701149425287,0.23397515683250383
BENGALURU,88,5,1.4193192076173876e-17,4.656419981641803,0.056818181818181816,0.2645693171387388
BENGALURU RURAL,6,0,-1.4802973661668753e-16,0.6454972243679027,0.0,0.0
BENGALURU SOUTH,63,1,-1.5507877169367265e-16,4.452620556957279,0.015873015873015872,0.07067651677709966
BETUL,86,5,9.682177540335667e-19,5.08741158889843,0.05813953488372093,0.2957797435406064
BHABUA,27,1,-1.9326104502734206e-16,3.5108298058900447,0.037037037037037035,0.13003073355148312
BHADOHI,83,5,-3.076521634503446e-17,4.485377784343171,0.060240963855421686,0.27020348098452834
BHADRADRI KOTHAGUDEM,86,4,-3.421036064251936e-17,5.916597759978032,0.046511627906976744,0.2751905934873503
BHADRAK,87,5,5.742532885992189e-18,6.023361158304074,0.05747126436781609,0.3461701815117284
BHAGALPUR,88,5,-2.964800122578543e-17,5.165102619561365,0.056818181818181816,0.2934717397478048
BHANDARA,87,5,3.828355257328126e-18,4.204599855856358,0.05747126436781609,0.2416436698768022
BHARATPUR,87,4,6.380592095546877e-19,6.884067316389451,0.04597701149425287,0.3165088421328483
BHARUCH,85,5,-1.763295392051719e-17,4.729443771085468,0.058823529411764705,0.2782025747697334
BHAVNAGAR,86,5,-1.8073398075293247e-17,4.9891149623913975,0.05813953488372093,0.2900648233948487
BHILWARA,86,4,1.6136962567226113e-17,6.352249578041739,0.046511627906976744,0.29545346874612743
BHIND,88,5,-2.996340549414485e-17,6.04599120884135,0.056818181818181816,0.34352222777507674
BHIWANI,87,5,6.3805920955468766e-18,5.4140136114316,0.05747126436781609,0.3111502075535402
BHOJPUR,88,5,8.831319514063745e-18,5.451964779684196,0.056818181818181816,0.3097707261184202
BHOPAL,86,5,2.3882704599494646e-17,5.1848861355127065,0.05813953488372093,0.301446868343762
BID,84,2,9.912705577010326e-18,6.582245411381425,0.023809523809523808,0.15672012884241487
BIDAR,88,5,1.5770213417970973e-18,4.886584252864845,0.056818181818181816,0.2776468325491389
BIJAPUR,87,5,1.4356332214980473e-17,4.453140466231095,0.05747126436781609,0.25592761300178707
BIJAPUR(KAR),12,1,2.590520390792032e-16,3.175426480542942,0.08333333333333333,0.2646188733785785
BIJNOR,89,5,-1.3098136807375442e-17,4.8651591226385795,0.056179775280898875,0.2733235462156505
BIKANER,86,5,4.518349518823312e-18,5.702328560817564,0.05813953488372093,0.3315307302800909
BILASPUR,87,4,3.158393087295704e-17,4.8971909524681125,0.04597701149425287,0.2251582047111776
BIRBHUM,87,5,-3.828355257328126e-18,5.162242399671296,0.05747126436781609,0.2966805976822584
BISHNUPUR,86,1,-5.163828021512356e-18,8.844434421581242,0.011627906976744186,0.10284226071606095
BISWANATH,87,4,-1.595148023886719e-17,6.7273745124361,0.04597701149425287,0.3093045752844184
BOKARO,86,5,1.0650395294369235e-17,5.674078770918442,0.05813953488372093,0.32988830063479313
BOKARO *,3,0,,,0.0,
BONGAIGAON,87,4,-3.381713810639845e-17,5.965468126764359,0.04597701149425287,0.2742743966328441
BOTAD,84,4,-4.625929269271485e-18,5.554334128147577,0.047619047619047616,0.2644921013403608
BOUDH,85,5,3.8531269678167196e-17,4.937504406559026,0.058823529411764705,0.2904414356799427
BUDAUN,87,4,-2.9350723639515634e-17,5.80514327887884,0.04597701149425287,0.2669031392587973
BUDGAM,84,5,-1.850371707708594e-17,5.000948522036332,0.05952380952380952,0.29767550726406733
BULANDSHAHAR,68,3,-1.6326809185664067e-17,4.168274853566019,0.04411764705882353,0.18389447883379498
BULANDSHAHR,88,5,-3.217123537266079e-17,4.612791476830838,0.056818181818181816,0.26209042481993394
BULDANA,86,4,1.9364355080671336e-17,4.730054215454079,0.046511627906976744,0.2200025216490269
BULDHANA,87,5,4.4664144668828136e-18,5.508219815667025,0.05747126436781609,0.3165643572222428
BUNDI,85,4,1.4041055899671097e-17,6.259042608239366,0.047058823529411764,0.29454318156420545
BURDWAN,4,0,0.0,1.5,0.0,0.0
BURHANPUR,85,4,4.571506571985939e-18,5.09063350939593,0.047058823529411764,0.2395592239715732
BUXAR,86,5,3.453309989386388e-17,4.488613540040619,0.05813953488372093,0.2609659034907337
CACHAR,87,3,1.7865657867531254e-17,6.8050730961062476,0.034482758620689655,0.23465769296918096
CENTRAL DELHI,86,5,2.9046532621007004e-18,5.545763617423225,0.05813953488372093,0.322428117292048
CHAMARAJANAGAR,81,3,-2.3300977060034148e-17,5.775232959160086,0.037037037037037035,0.2138975170059291
CHAMARAJANAGAR *,46,3,2.896233977283017e-17,2.733883699577533,0.06521739130434782,0.17829676301592606
CHAMBA,86,5,-1.9364355080671335e-18,5.283646209266331,0.05813953488372093,0.3071887330968797
CHAMOLI,87,5,3.9599549692987803e-17,4.584282468324076,0.05747126436781609,0.2634645096737975
CHAMPAWAT,85,5,-2.0898315757650005e-17,4.743951055257886,0.058823529411764705,0.2790559444269345
CHAMPHAI,80,2,9.020562075079397e-18,7.881530842965242,0.025,0.19703827107413108
CHAMRAJANAGAR,85,5,5.877651306839064e-18,4.804908060077578,0.058823529411764705,0.28264165059279867
CHAMRAJNAGAR,82,3,-3.723308924047781e-17,5.999565361163622,0.036585365853658534,0.21949629370110812
CHANDAULI,86,4,-2.7755575615628914e-17,4.913619246968171,0.046511627906976744,0.22854043009154285
CHANDEL,85,3,-1.8286026287943755e-17,6.263996750160414,0.03529411764705882,0.2210822382409558
CHANDIGARH,86,1,-1.6782441069915156e-17,8.527934274508743,0.011627906976744186,0.09916202644777608
CHANDRAPUR,87,5,-1.850371707708594e-17,4.393536122396852,0.05747126436781609,0.25250207599981905
CHANGLANG,83,5,1.203856291762218e-17,4.759349966978507,0.060240963855421686,0.28670782933605465
CHARAIDEO,87,3,2.233207233441407e-17,6.362909284693684,0.034482758620689655,0.21941066498943737
CHARKHI DADRI,83,5,1.9061057952901784e-17,5.338295388011072,0.060240963855421686,0.32158405951873925
CHATRA,86,3,2.0655312086049424e-17,5.43916370913385,0.03488372093023256,0.18973826892327383
CHATRAPATI SAMBHAJI NAGAR,81,5,-6.1679056923619804e-18,4.421247952076669,0.06172839506172839,0.27291654025164624
CHENGALPATTU,83,5,2.5581946199947132e-17,4.385996840535329,0.060240963855421686,0.2642166771406825
CHENNAI,88,5,8.831319514063745e-18,4.651305883579445,0.056818181818181816,0.26427874338519575
CHHATARPUR,86,5,-5.163828021512356e-18,4.618046356162624,0.05813953488372093,0.2684910672187572
CHHATRAPATI SAMBHAJINAGAR,85,3,9.79608551139844e-18,5.695455182109452,0.03529411764705882,0.20101606525092183
CHHINDWARA,87,5,1.3718273005425785e-17,4.803961900140973,0.05747126436781609,0.276089764375918
CHHOTAUDEPUR,86,4,3.421036064251936e-17,5.313319895186923,0.046511627906976744,0.2471311579156708
CHICKMAGALUR,85,5,-2.3510605227356256e-17,4.744096538304768,0.058823529411764705,0.2790645022532216
CHIKKABALLAPUR,85,5,3.395976310618126e-17,4.265792918535425,0.058823529411764705,0.2509289952079662
CHIKKAMAGALURU,85,5,1.7959490104230474e-17,4.747095325531728,0.058823529411764705,0.2792409015018663
CHIKMAGALUR,84,5,1.586032892321652e-17,4.780751948574135,0.05952380952380952,0.28456856836750805
CHIRANG,86,5,-1.0650395294369235e-17,5.371547241965221,0.05813953488372093,0.3122992582537919
CHITRADURGA,85,5,-2.7429039431915633e-17,4.611671352704686,0.058823529411764705,0.2712747854532168
CHITRAKOOT,87,5,2.488430917263282e-17,4.754398027218086,0.05747126436781609,0.2732412659320739
CHITTAURGARH,82,3,-7.446617848095563e-18,6.32327554004437,0.036585365853658534,0.23133934902601352
CHITTOOR,87,4,3.34981085016211e-17,5.667384528249578,0.04597701149425287,0.2605694035976817
CHITTORGARH,86,3,-2.6464618610250825e-17,6.455467485246092,0.03488372093023256,0.22519072622951483
CHUMUKEDIMA,59,4,1.6935605460383745e-17,4.290101217916201,0.06779661016949153,0.29085431985872545
CHURACHANDPUR,84,3,-2.114710523095536e-17,6.831650629368587,0.03571428571428571,0.24398752247744954
CHURU,87,5,-3.0945871663402354e-17,5.508635803897422,0.05747126436781609,0.3165882645918059
COIMBATORE,88,5,3.3432852446098465e-17,4.549493332049556,0.056818181818181816,0.25849393932099746
COOCH BEHAR,87,5,0.0,4.9013594650205645,0.05747126436781609,0.2816873255758945
CUDDALORE,87,5,-2.5203338777410163e-17,4.350447358086106,0.05747126436781609,0.25002571023483366
CUDDAPAH,88,4,2.460153293203472e-17,5.151169086835203,0.045454545454545456,0.23414404940160016
CUTTACK,87,5,5.742532885992189e-18,5.517632609401418,0.05747126436781609,0.3171053223793918
DADRA & NAGAR HAVELI,71,2,8.209395604622636e-18,6.324645935569811,0.028169014084507043,0.17815904043858624
DADRA AND NAGAR HAVELI,87,5,-3.062684205862501e-17,4.389973143188497,0.05747126436781609,0.2522973070797987
DAHOD,87,5,-1.0208947352875003e-17,5.127047380250621,0.05747126436781609,0.2946578954167024
DAKSHIN BASTAR DANTEWADA,84,2,-2.114710523095536e-17,7.044573099537849,0.023809523809523808,0.16772793094137733
DAKSHIN DINAJPUR,87,5,1.2123124981539066e-17,5.759541863269399,0.05747126436781609,0.3310081530614597
DAKSHINA KANNADA,86,5,9.682177540335667e-19,5.43122740004913,0.05813953488372093,0.3157690348865773
DAMAN,84,5,3.700743415417188e-17,4.948015246244442,0.05952380952380952,0.2945247170383596
DAMOH,86,5,0.0,5.198979128760987,0.05813953488372093,0.30226622841633644
DANTEWADA,84,2,-7.93016446160826e-18,8.116191328571803,0.023809523809523808,0.19324265068028101
DARBHANGA,88,5,4.257957622852163e-17,5.154036916959532,0.056818181818181816,0.29284300664542795
DARJEELING,86,5,1.7427919572604202e-17,4.983860303215111,0.05813953488372093,0.2897593199543669
DARJILING,83,5,-1.471379912153822e-17,5.334970976321836,0.060240963855421686,0.32138379375432746
DARRANG,87,4,4.4504629866439464e-17,6.786736767602879,0.04597701149425287,0.31203387437254615
DATIA,85,5,-2.6122894697062506e-18,4.727555910961709,0.058823529411764705,0.2780915241742182
DAUSA,86,5,1.8073398075293247e-17,5.7159122209129505,0.05813953488372093,0.33232047796005526
DAVANAGERE,85,3,-3.134747363647501e-17,6.241604577361089,0.03529411764705882,0.22029192625980315
DAVANGERE,87,5,-3.062684205862501e-17,4.5935655082446605,0.05747126436781609,0.26399801771521036
DEBAGARH,86,5,-2.3237226096805603e-17,4.418055965883805,0.05813953488372093,0.2568637189467328
DEEG,56,2,-4.6589716211948534e-17,5.323070740730717,0.03571428571428571,0.1901096693118113
DEHRADUN,87,5,3.030781245384767e-17,5.978177838593964,0.05747126436781609,0.3435734389996531
DEOGHAR,87,5,-2.1694013124859382e-17,5.513302929460579,0.05747126436781609,0.31685649019888384
DEORIA,87,4,1.403730261020313e-17,5.722464049397302,0.04597701149425287,0.2631017953745886
DEVBHUMI DWARKA,84,5,-5.220691603892105e-17,4.417502003025776,0.05952380952380952,0.26294654779915333
DEWAS,86,4,-9.036699037646624e-18,6.024779585695212,0.046511627906976744,0.2802223063114052
DHALAI,87,5,-8.29476972421094e-18,5.720603702269874,0.05747126436781609,0.3287703277166594
DHALAI  *,67,3,5.05400033598019e-17,5.165201965343771,0.04477611940298507,0.23127769994076586
DHAMTARI,87,4,9.570888143320315e-19,5.031702101635742,0.04597701149425287,0.23134262536256284
DHANBAD,87,4,-1.7227598657976568e-17,5.523360269635315,0.04597701149425287,0.2539475986039225
DHAR,86,5,-5.486567272856878e-18,4.574769528970559,0.05813953488372093,0.2659749726145674
DHARASHIV,74,3,-3.1131253731043243e-17,5.6400530975579,0.04054054054054054,0.22865080125234732
DHARMAPURI,88,5,3.027880976250427e-17,6.36631917039868,0.056818181818181816,0.3617226801362886
DHARWAD,86,5,2.2591747594116558e-17,4.734187623601914,0.05813953488372093,0.27524346648848336
DHAULPUR,69,1,0.0,7.89952958349599,0.014492753623188406,0.11448593599269552
DHEMAJI,87,5,-2.233207233441407e-17,4.928243406331054,0.05747126436781609,0.2832323796741985
DHENKANAL,86,5,-5.809306524201401e-18,4.7606858259035585,0.05813953488372093,0.27678405964555575
DHOLPUR,86,5,-1.7427919572604202e-17,6.307980099491564,0.05813953488372093,0.3667430290402072
DHUBRI,87,3,-7.018651305101565e-18,6.330061984563476,0.034482758620689655,0.21827799946770607
DHULE,87,5,-2.233207233441407e-17,5.76102770534353,0.05747126436781609,0.3310935462841109
DIBANG VALLEY,54,2,6.990293118010245e-17,3.738002500340081,0.037037037037037035,0.13844453704963264
DIBRUGARH,85,5,9.79608551139844e-18,5.563320642685013,0.058823529411764705,0.32725415545205955
DIDWANA-KUCHAMAN,7,0,1.9032394707859825e-16,2.267786838055364,0.0,0.0
DIMA HASAO,18,1,8.018277400070575e-17,3.3581508568224234,0.05555555555555555,0.1865639364901346
DIMAPUR,86,5,2.840105411831796e-17,4.81078583763044,0.05813953488372093,0.27969685102502556
DINDIGUL,88,5,-2.5232341468753557e-17,5.189465194697103,0.056818181818181816,0.2948559769714263
DINDORI,85,5,4.244970388272658e-18,5.1614671839305775,0.058823529411764705,0.30361571670179865
DIU,78,4,-1.4945309946877107e-17,5.279443883260236,0.05128205128205128,0.2707407119620634
DODA,87,5,-7.018651305101565e-18,4.509116717868277,0.05747126436781609,0.259144638957947
DOHAD,83,5,1.939546247839129e-17,4.656702135185549,0.060240963855421686,0.28052422501117763
DOMJUR,3,0,,,0.0,
DR. B. R. AMBEDKAR KONASEEMA,84,3,-2.4451340423292138e-17,6.01780033495585,0.03571428571428571,0.21492144053413748
DUMKA,86,3,1.8396137326637767e-17,6.031162163683937,0.03488372093023256,0.21038937780292802
DUNGARPUR,88,4,1.1354553660939102e-17,6.4084317718274795,0.045454545454545456,0.29129235326488545
DURG,87,5,-5.74253288599219e-17,4.313888356315182,0.05747126436781609,0.24792461817903347
EAST,83,4,-2.407712583524436e-17,5.002416368640018,0.04819277108433735,0.24108030692241053
EAST CHAMPARAN,88,5,-1.6085617686330394e-17,5.024551383244978,0.056818181818181816,0.28548587404801007
EAST DELHI,87,5,2.584139798696485e-17,6.038604519850747,0.05747126436781609,0.3470462367730314
EAST GARO HILLS,68,5,-2.7755575615628914e-17,4.078926896838435,0.07352941176470588,0.2999210953557673
EAST GODAVARI,88,5,-2.901719268906659e-17,5.364425575972102,0.056818181818181816,0.30479690772568757
EAST JAINTIA HILLS,76,4,-3.7981314000334304e-17,5.057152122755845,0.05263157894736842,0.266165901197676
EAST KAMENG,81,5,3.563678844475811e-17,4.498452822129125,0.06172839506172839,0.2776822729709336
EAST KHASI HILLS,84,4,-5.28677630773884e-18,4.701120157874979,0.047619047619047616,0.22386286466071328
EAST MIDNAPORE,87,5,-2.998878284907032e-17,5.744735195509918,0.05747126436781609,0.33015719514424813
EAST MIDNAPUR,8,0,0.0,2.2391714737574007,0.0,0.0
EAST NIMAR,86,5,3.130570738041866e-17,5.146831221429483,0.05813953488372093,0.29923437333892344
EAST SIANG,80,5,-3.3306690738754695e-17,4.654413389219541,0.0625,0.2909008368262213
EAST SIKKIM,80,4,2.3592239273284576e-17,4.704572932531115,0.05,0.23522864662655577
EAST SINGHBHUM,87,5,2.2970131543968756e-17,5.3459476327694535,0.05747126436781609,0.3072383696993939
EASTERN WEST KHASI HILLS,8,0,,,0.0,
ELURU,82,3,4.129488079398448e-17,5.677544984174461,0.036585365853658534,0.20771506039662663
ERNAKULAM,88,5,-3.1540426835941946e-18,5.329383351340363,0.056818181818181816,0.3028058722352479
ERODE,87,5,-2.0417894705750005e-17,4.679024048750584,0.05747126436781609,0.268909428089114
ETAH,85,5,1.3061447348531253e-17,5.405155208822546,0.058823529411764705,0.3179503064013262
ETAWAH,84,5,-3.0398963769498337e-17,5.041901204804544,0.05952380952380952,0.30011316695265144
FAIZABAD,87,4,-1.2761184191093753e-17,5.780041129676289,0.04597701149425287,0.2657490174563811
FARIDABAD,87,5,-3.1902960477734383e-18,5.711690061465077,0.05747126436781609,0.3282580495094872
FARIDKOT,86,5,7.745742032268534e-18,5.021972347683516,0.05813953488372093,0.29197513649322765
FARRUKHABAD,86,5,1.4846005561848022e-17,4.981727872892245,0.05813953488372093,0.2896353414472235
FATEHABAD,87,5,-1.595148023886719e-17,4.8765907407739295,0.05747126436781609,0.28026383567666263
FATEHGARH SAHIB,87,5,-9.570888143320316e-18,5.199552353632554,0.05747126436781609,0.2988248479099169
FATEHPUR,87,4,1.3399243400648442e-17,5.869412086024587,0.04597701149425287,0.2698580269436592
FAZILKA,88,5,4.6049023180475245e-17,4.629696074051546,0.056818181818181816,0.2630509132983833
FEROZEPUR,86,5,-2.0655312086049424e-17,5.300717212960501,0.05813953488372093,0.30818123331165703
FIROZABAD,87,5,-2.807460522040626e-17,5.256592352000967,0.05747126436781609,0.3021030087356878
FIROZPUR,85,4,8.489940776545315e-18,5.81339481646274,0.047058823529411764,0.27357152077471714
GADAG,85,5,0.0,4.466161101679982,0.058823529411764705,0.26271535892235187
GADAG *,83,4,4.982627429793624e-17,4.910760293398072,0.04819277108433735,0.2366631466697866
GADCHIROLI,85,5,-3.657205257588751e-17,4.543320031557445,0.058823529411764705,0.26725411950337913
GAJAPATI,85,5,-2.0898315757650005e-17,5.152804044909009,0.058823529411764705,0.3031061202887652
GANDERBAL,84,5,2.783818149543733e-17,4.598662137619622,0.05952380952380952,0.27372988914402513
GANDHINAGAR,84,5,-7.93016446160826e-18,4.6541396445214005,0.05952380952380952,0.2770321216977024
GANGANAGAR,88,5,4.6049023180475245e-17,5.624150037182297,0.056818181818181816,0.31955397938535773
GANJAM,87,5,-5.67872696503672e-17,4.4302983614029285,0.05747126436781609,0.2546148483564901
GARHWA,88,5,-2.0185873175002847e-17,5.1670787168777315,0.056818181818181816,0.2935840180044165
GARHWA *,85,3,2.873518416676876e-17,4.876804302212499,0.03529411764705882,0.17212250478397056
GARHWAL,69,3,-1.0217269864303977e-16,3.2265950600227873,0.043478260869565216,0.14028674174012118
GARIYABAND,88,4,2.4916937200394138e-17,5.108134583496954,0.045454545454545456,0.2321879356134979
GAURELA-PENDRA-MARWAHI,76,4,1.0225738384705389e-17,5.112323657203523,0.05263157894736842,0.26906966616860645
GAUTAM BUDDHA NAGAR,86,5,5.3574715723190696e-17,4.590003561325563,0.05813953488372093,0.2668606721700909
GAYA,87,5,-2.83936348251836e-17,5.733387748330561,0.05747126436781609,0.3295050430075035
GHAZIABAD,87,5,0.0,4.967439999045618,0.05747126436781609,0.28548505741641483
GHAZIPUR,86,5,2.5173661604872734e-17,4.838161622793803,0.05813953488372093,0.28128846644150013
GIR SOMNATH,86,5,2.581914010756178e-18,5.487930227045808,0.05813953488372093,0.31906571087475627
GIRIDIH,87,5,2.7755575615628914e-17,5.692482536532714,0.05747126436781609,0.3271541687662479
GOALPARA,87,4,5.583018083603517e-18,5.8709187952823,0.04597701149425287,0.26992730093251954
GODDA,87,4,1.9779835496195318e-17,6.109473871853441,0.04597701149425287,0.28089535043004327
GOLAGHAT,87,5,6.8591365027128925e-18,4.9314713209407115,0.05747126436781609,0.28341789200808687
GOMATI,83,2,-1.4044990070559208e-17,6.118072259526423,0.024096385542168676,0.14742342794039576
GONDA,88,4,7.569702440626067e-18,4.846568405390339,0.045454545454545456,0.22029856388137903
GONDIA,76,4,-1.1686558153949016e-17,3.186595224371636,0.05263157894736842,0.16771553812482293
GONDIYA,86,5,2.0009833583360378e-17,4.65351516964412,0.05813953488372093,0.2705532075374488
GONDIYA *,80,2,-1.4337489528948312e-16,3.030972692487002,0.025,0.07577431731217506
GOPALGANJ,88,5,-3.2486639641020204e-17,4.724705738189398,0.056818181818181816,0.26844918966985215
GORAKHPUR,87,5,9.570888143320316e-18,5.794716185951864,0.05747126436781609,0.3330296658593025
GULBARGA,84,5,1.3216940769347101e-17,4.650903013873441,0.05952380952380952,0.2768394651115143
GUMLA,87,5,1.4356332214980473e-17,5.435179614825437,0.05747126436781609,0.3123666445301975
GUNA,87,5,-2.2970131543968756e-17,5.361471235127254,0.05747126436781609,0.3081305307544399
GUNTUR,88,5,-1.2931575002736198e-17,5.415547865536798,0.056818181818181816,0.3077015832691362
GURDASPUR,87,5,1.914177628664063e-17,5.412760914854935,0.05747126436781609,0.31107821349741005
GURGAON,87,5,-7.975740119433595e-18,4.423298251448122,0.05747126436781609,0.2542125431866737
GWALIOR,86,5,8.391220534957578e-18,4.777810295055918,0.05813953488372093,0.2777796683172045
HAILAKANDI,87,3,-2.2651101939191412e-17,6.614334615833847,0.034482758620689655,0.2280805039942706
HAMIRPUR,88,3,1.2616170734376778e-17,6.602433522876772,0.03409090909090909,0.22508296100716266
HANUMAKONDA,84,5,-1.850371707708594e-17,5.0292905931267775,0.05952380952380952,0.2993625353051653
HANUMANGARH,86,5,0.0,5.577000023113873,0.05813953488372093,0.3242441873903415
HAORA,86,5,-1.290957005378089e-18,5.8477597234255825,0.05813953488372093,0.33998603043171993
HAPUR,85,5,-2.8082111799342194e-17,4.421401998330343,0.058823529411764705,0.2600824704900202
HARDA,84,5,-9.912705577010326e-18,4.809830124650124,0.05952380952380952,0.28629941218155497
HARDA *,81,5,-1.5762425658258394e-17,5.2441957255876455,0.06172839506172839,0.32371578553010155
HARDOI,89,5,-2.3701390413346038e-17,4.844578942253302,0.056179775280898875,0.2721673563063653
HARDWAR,75,3,-3.404683942183813e-17,2.8207683160324812,0.04,0.11283073264129925
HARIDWAR,88,5,-2.1072947679763715e-17,5.32867307162805,0.056818181818181816,0.30276551543341196
HASAN,85,4,-1.3061447348531253e-18,5.464137717347056,0.047058823529411764,0.2571358925810379
HASSAN,87,5,-3.7964522968503916e-17,4.658995678484743,0.05747126436781609,0.26775837232670935
HATHRAS,88,5,1.0723745124220262e-17,4.6957148160495885,0.056818181818181816,0.2668019781846357
HAVERI,87,5,7.975740119433595e-18,4.52563248475621,0.05747126436781609,0.2600938209630006
HAVERI *,76,3,-7.304098846218135e-18,5.186984663555324,0.039473684210526314,0.20474939461402594
HAWRAH,10,0,-1.3322676295501878e-16,1.4491376746189437,0.0,0.0
HAZARIBAG,85,5,1.2408374981104691e-17,5.373730619670637,0.058823529411764705,0.3161018011570963
HAZARIBAGH,87,5,1.658953944842188e-17,5.115964332449742,0.05747126436781609,0.2940209386465369
HINGOLI,86,4,-2.581914010756178e-18,5.688641320586757,0.046511627906976744,0.26458796839938403
HINGOLI *,7,0,-2.220446049250313e-16,1.4638501094227994,0.0,0.0
HISAR,88,5,7.254298172266648e-18,6.13055730664066,0.056818181818181816,0.348327119695492
HNAHTHIAL,15,1,3.700743415417188e-17,3.614784456460256,0.06666666666666667,0.24098563043068374
HOJAI,86,4,-1.290957005378089e-18,5.9700541208486735,0.046511627906976744,0.2776769358534267
HOOGHIY,7,0,,,0.0,
HOOGHLY,87,5,-3.1902960477734383e-18,5.579428686761578,0.05747126436781609,0.3206568210782516
HOSHANGABAD,86,5,-2.0009833583360378e-17,4.579604605278451,0.05813953488372093,0.2662560817022355
HOSHIARPUR,86,5,-3.646953540193101e-17,4.786701353032121,0.05813953488372093,0.27829659029256515
HOWRAH,88,5,-4.289498049688105e-17,5.908006863802094,0.056818181818181816,0.33568220817057354
HUGLI,76,1,1.8990657000167152e-17,3.0673555049988463,0.013157894736842105,0.040359940855247974
HYDERABAD,88,5,-2.5232341468753557e-17,5.2834841332961915,0.056818181818181816,0.30019796211910177
IDUKKI,86,5,3.872871016134267e-18,4.774481753976102,0.05813953488372093,0.27758614848698265
IMPHAL EAST,87,1,3.254101968728907e-17,9.004437430010595,0.011494252873563218,0.10349928080471948
IMPHAL WEST,87,1,-3.254101968728907e-17,8.863481826653423,0.011494252873563218,0.10187910145578648
INDORE,88,5,1.8924256101565167e-17,4.994848198383434,0.056818181818181816,0.28379819308996784
JABALPUR,86,5,-1.4846005561848022e-17,5.5328894323968205,0.05813953488372093,0.3216796181626058
JAGATSINGHAPUR,86,5,-3.2273925134452227e-17,4.416192286618373,0.05813953488372093,0.2567553655010682
JAGATSINGHPUR,85,4,-3.8531269678167196e-17,4.847699831784077,0.047058823529411764,0.22812705090748597
JAGITIAL,86,5,1.6782441069915156e-17,4.933500276673141,0.05813953488372093,0.28683141143448493
JAINTIA HILLS,7,0,1.9032394707859825e-16,2.267786838055364,0.0,0.0
JAIPUR,88,5,3.122502256758253e-17,5.1464905804861125,0.056818181818181816,0.29241423752762
JAISALMER,86,4,7.745742032268534e-18,6.10048491345565,0.046511627906976744,0.2837434843467744
JAJAPUR,86,5,1.7427919572604202e-17,4.740764702094717,0.05813953488372093,0.27562585477294865
JAJPUR,86,5,1.5491484064537068e-17,5.601500888247783,0.05813953488372093,0.32566865629347574
JALANDHAR,88,5,3.627149086133324e-17,5.0682938947426805,0.056818181818181816,0.2879712440194705
JALAUN,86,5,-2.0655312086049424e-17,5.059255809415449,0.05813953488372093,0.2941427796171773
JALGAON,87,5,-3.381713810639845e-17,5.381379057454328,0.05747126436781609,0.3092746584743867
JALNA,88,5,3.595608659297382e-17,6.184149545948933,0.056818181818181816,0.351372133292553
JALOR,86,5,2.5173661604872734e-17,5.739585448929259,0.05813953488372093,0.3336968284261197
JALORE,15,0,1.4802973661668753e-16,1.3662601021279466,0.0,0.0
JALPAIGURI,87,5,-2.2332072334414068e-18,5.424724948564618,0.05747126436781609,0.31176580164164475
JAMMU,87,5,4.0197730201945323e-17,4.889735455765065,0.05747126436781609,0.28101927906695773
JAMNAGAR,85,5,0.0,4.991502145265796,0.058823529411764705,0.2936177732509292
JAMTARA,86,5,-2.743283636428439e-17,5.353233862945245,0.05813953488372093,0.31123452691542125
JAMUI,86,5,-1.436189668483124e-17,4.974641478589417,0.05813953488372093,0.2892233417784545
JANGAON,67,1,1.3256394323882465e-16,3.045006845701748,0.014925373134328358,0.045447863368682805
JANGOAN,85,5,-3.134747363647501e-17,5.682446173845475,0.058823529411764705,0.33426153963796906
JANJGIR - CHAMPA,64,2,3.469446951953614e-17,4.1291325253495215,0.03125,0.12903539141717255
JANJGIR CHAMPA,63,1,1.3040714892422474e-16,2.9322337419691453,0.015873015873015872,0.046543392729668974
JANJGIR-CHAMPA,87,4,-1.0847006562429691e-17,5.155222676207672,0.04597701149425287,0.2370217322394332
JASHPUR,87,4,4.785444071660158e-18,5.300029380719083,0.04597701149425287,0.24367951175719924
JAUNPUR,87,5,1.3399243400648442e-17,5.658562682667053,0.05747126436781609,0.3252047518774169
JAYASHANKAR BHUPALPALLY,87,4,7.018651305101565e-18,5.29055685741153,0.04597701149425287,0.24324399344420827
JEHANABAD,86,5,-1.1941352299747323e-17,5.322975892869484,0.05813953488372093,0.3094753426086909
JHABUA,85,5,2.97147927179086e-17,5.760166370049486,0.058823529411764705,0.3388333158852639
JHAJJAR,85,5,-5.877651306839064e-18,5.702378271987697,0.058823529411764705,0.3354340159992763
JHALAWAR,85,4,1.5673736818237504e-17,6.251436373168355,0.047058823529411764,0.2941852410902755
JHANSI,87,5,-3.381713810639845e-17,5.393241785177906,0.05747126436781609,0.30995642443551186
JHARGRAM,85,5,-3.004132890162188e-17,5.283353379010248,0.058823529411764705,0.31078549288295576
JHARSUGUDA,87,5,-1.850371707708594e-17,4.54464379011726,0.05747126436781609,0.26118642471938275
JHUNJHUNU,80,4,3.053113317719181e-17,4.458175657821775,0.05,0.22290878289108873
JHUNJHUNUN,87,5,3.700743415417188e-17,5.162524703955288,0.05747126436781609,0.29669682206639586
JIND,85,5,-7.836868409118752e-18,4.5927759562134725,0.058823529411764705,0.27016329154196894
JIRIBAM,79,4,-9.134746405143692e-18,6.175432624704417,0.05063291139240506,0.31268013289642616
JODHPUR,88,5,2.1132085980081104e-17,5.775230221571973,0.056818181818181816,0.3281380807711348
JOGULAMBA GADWAL,83,5,-4.6816633568530694e-18,5.079345819855802,0.060240963855421686,0.3059846879431206
JORHAT,87,5,-1.658953944842188e-17,5.416945618214186,0.05747126436781609,0.3113187136904704
JUNAGADH,85,5,-3.004132890162188e-17,5.263794158073756,0.058823529411764705,0.3096349504749268
JYOTIBA PHULE NAGAR,64,2,8.673617379884035e-18,4.515700169994162,0.03125,0.14111563031231755
K.V. RANGAREDDY,88,5,-3.1540426835941946e-18,5.387027257549574,0.056818181818181816,0.3060810941789531
K.V.RANGAREDDY,76,1,6.573688961596321e-17,4.931818110732188,0.013157894736842105,0.06489234356226563
KABEERDHAM,87,4,-1.6908569053199224e-17,4.977764815821814,0.04597701149425287,0.22886275015272708
KACHCHH,88,5,4.100255488672453e-18,4.498151438611571,0.056818181818181816,0.25557678628474834
KAIMUR (BHABUA),87,5,-1.914177628664063e-17,5.397405035979638,0.05747126436781609,0.3101956917229677
KAITHAL,86,5,1.6136962567226113e-17,6.162120694247672,0.05813953488372093,0.3582628310609111
KAKCHING,81,1,2.2958315632680707e-17,8.559472442339407,0.012345679012345678,0.10567249928814082
KAKINADA,85,4,5.877651306839064e-18,5.595641198438399,0.047058823529411764,0.26332429169121874
KALABURAGI,85,5,1.8286026287943755e-17,4.837382223098746,0.058823529411764705,0.28455189547639687
KALAHANDI,88,5,-2.1447490248440524e-17,5.472224894939423,0.056818181818181816,0.310921869030649
KALIMPONG,77,4,-1.4418480839287748e-18,4.618182124944167,0.05194805194805195,0.23990556493216453
KALLAKURICHI,85,4,1.3387983532244535e-17,5.811564125262783,0.047058823529411764,0.2734853706006016
KAMAREDDY,85,4,-1.959217102279688e-18,5.2247318967485965,0.047058823529411764,0.24586973631758102
KAMLE,32,1,1.5612511283791264e-17,5.125326319474507,0.03125,0.16016644748357833
KAMRUP,87,3,-6.699621700324221e-18,7.2117327348967635,0.034482758620689655,0.24868043913437116
KAMRUP METRO,87,4,1.7865657867531254e-17,5.364431565495498,0.04597701149425287,0.24664053174691944
KANCHEEPURAM,88,5,6.30808536718839e-19,4.358600682129654,0.056818181818181816,0.24764776603009397
KANCHIPURAM,8,0,2.7755575615628914e-17,2.4748737341529163,0.0,0.0
KANDHAMAL,87,5,1.4675361819757817e-17,5.549756951490771,0.05747126436781609,0.3189515489362512
KANGRA,87,5,-7.082457226057034e-17,5.1306479428714455,0.05747126436781609,0.29486482430295663
KANKER,87,4,5.327794399781642e-17,6.351050943839002,0.04597701149425287,0.2920023422454714
KANNAUJ,85,5,3.918434204559376e-18,4.638531902569319,0.058823529411764705,0.27285481779819526
KANNIYAKUMARI,87,5,-4.4664144668828136e-18,4.61095942964814,0.05747126436781609,0.2649976683705828
KANNUR,87,5,1.4356332214980473e-17,4.670432264606691,0.05747126436781609,0.2684156473911891
KANPUR DEHAT,86,5,-1.290957005378089e-17,5.274358209818729,0.05813953488372093,0.3066487331289959
KANPUR NAGAR,86,5,3.2273925134452227e-17,5.012536017339182,0.05813953488372093,0.29142651263599895
KANYAKUMARI,87,4,3.254101968728907e-17,5.311142941601037,0.04597701149425287,0.2441904800736109
KAPURTHALA,86,5,7.10026352957949e-18,4.648239376495682,0.05813953488372093,0.27024647537765595
KARAIKAL,85,5,3.591898020846095e-17,4.848564081719622,0.058823529411764705,0.2852096518658601
KARAULI,87,5,4.14738486210547e-18,5.73594855279372,0.05747126436781609,0.32965221567779995
KARBI ANGLONG,88,4,5.0464682937507114e-17,5.091938659274813,0.045454545454545456,0.23145175723976424
KARGIL,85,3,-9.79608551139844e-18,5.765817590065914,0.03529411764705882,0.20349944435526754
KARIM NAGAR,81,3,2.535694562415481e-17,5.195561697593897,0.037037037037037035,0.19242821102199617
KARIMGANJ,88,4,5.99268109882897e-18,5.391895337683962,0.045454545454545456,0.24508615171290735
KARIMNAGAR,87,5,1.1485065771984378e-17,4.524297760360817,0.05747126436781609,0.26001711266441474
KARNAL,87,5,-2.5522368382187506e-18,4.874227108801826,0.05747126436781609,0.28012799475872563
KARUR,87,5,1.914177628664063e-17,5.093977311650198,0.05747126436781609,0.2927573167615056
KASARAGOD,87,5,-2.488430917263282e-17,4.502866463487142,0.05747126436781609,0.2587854289360426
KASARGOD,82,2,-4.4679707088573376e-17,6.490422315963078,0.024390243902439025,0.15830298331617262
KASGANJ,87,5,6.3805920955468766e-18,5.048534201675785,0.05747126436781609,0.2901456437744704
KATHUA,87,5,2.5203338777410163e-17,4.702718664381235,0.05747126436781609,0.27027118760811697
KATIHAR,87,5,-3.4774226920730475e-17,5.18340646920033,0.05747126436781609,0.2978969235172603
KATNI,84,5,2.4781763942525817e-17,4.182896553688617,0.05952380952380952,0.24898193771956054
KAUSHAMBI,87,5,-3.317907889684376e-17,4.98313647110929,0.05747126436781609,0.28638715351202815
KAWARDHA,86,4,-1.290957005378089e-18,5.0202806130585556,0.046511627906976744,0.23350142386318862
KENDRAPARA,87,5,2.998878284907032e-17,4.854595240963429,0.05747126436781609,0.2789997264921511
KENDUJHAR,87,5,-1.7227598657976568e-17,5.357227529878116,0.05747126436781609,0.30788663964816754
KHAGARIA,87,5,3.254101968728907e-17,5.337464537162493,0.05747126436781609,0.3067508354691088
KHAIRAGARH CHHUIKHADAN GANDAI,64,2,-5.204170427930421e-18,6.258032608438679,0.03125,0.19556351901370872
KHAIRTHAL-TIJARA,9,0,-9.868649107779169e-17,2.3333333333333335,0.0,0.0
KHAMMAM,87,4,-3.4455197315953135e-17,5.231655857130157,0.04597701149425287,0.2405359014772486
KHANDWA,85,5,-7.51033222540547e-18,4.962701930825116,0.058823529411764705,0.2919236429897127
KHARGONE,87,5,3.764549336372657e-17,5.445165983991084,0.05747126436781609,0.31294057379259105
KHAWZAWL,8,0,,,0.0,
KHEDA,85,5,2.155138812507657e-17,4.732812109292147,0.058823529411764705,0.27840071231130276
KHERI,88,4,4.85722573273506e-17,5.8228156921606455,0.045454545454545456,0.2646734405527566
KHORDA,87,5,-4.402608545927345e-17,4.711213996741024,0.05747126436781609,0.27075942510005885
KHORDHA,86,4,1.9364355080671336e-17,4.97228499520318,0.046511627906976744,0.23126906954433393
KHOWAI,85,5,1.502066445081094e-17,6.208688425008966,0.058823529411764705,0.365216966176998
KHUNTI,86,5,-1.0327656043024712e-17,5.072765584795124,0.05813953488372093,0.2949282316741351
KINNAUR,83,4,-4.213497021167763e-17,6.290502832718575,0.04819277108433735,0.30315676302258193
KIPHIRE,82,4,-4.06179155350667e-18,4.92703109929168,0.04878048780487805,0.2403429804532527
KISHANGANJ,88,5,2.6493958542191237e-17,4.648589457553528,0.056818181818181816,0.2641244009973595
KISHTWAR,87,5,1.7865657867531254e-17,4.831322479689959,0.05747126436781609,0.27766221147643444
KOCH BIHAR,85,5,-1.959217102279688e-18,5.758376997368475,0.058823529411764705,0.33872805866873384
KODAGU,84,5,1.850371707708594e-17,4.927243818771548,0.05952380952380952,0.29328832254592546
KODARMA,84,5,-2.6433881538694202e-17,5.218366896036748,0.05952380952380952,0.31061707714504455
KODERMA,85,5,-1.502066445081094e-17,5.573154977792604,0.058823529411764705,0.3278326457525061
KOHIMA,85,5,-2.3510605227356256e-17,4.526057221515043,0.058823529411764705,0.26623866008912017
KOKRAJHAR,87,3,-1.3080213795871097e-17,6.3489077584399976,0.034482758620689655,0.21892785373931026
KOLAR,85,5,-9.469549327685159e-18,4.422374742186558,0.058823529411764705,0.26013969071685633
KOLASIB,83,2,-2.67523620391604e-18,7.914566498899347,0.024096385542168676,0.19071244575661078
KOLHAPUR,87,5,-3.4455197315953135e-17,4.52145009926042,0.05747126436781609,0.25985345398048393
KOLKATA,87,5,3.541228613028517e-17,4.561777788464562,0.05747126436781609,0.2621711372680783
KOLLAM,87,5,-2.8712664429960945e-18,4.770806408319844,0.05747126436781609,0.2741842763402209
KOMARAM BHEEM,84,5,7.269317423140906e-18,4.989878929708926,0.05952380952380952,0.2970166029588646
KONDAGAON,86,2,-2.7755575615628914e-17,6.874718177531196,0.023255813953488372,0.15987716691933013
KOPPAL,86,5,1.8396137326637767e-17,4.805235197006904,0.05813953488372093,0.2793741393608665
KORAPUT,88,5,-1.9555064638284008e-17,5.795572643350857,0.056818181818181816,0.32929390019038957
KORBA,86,5,-4.2278841926132416e-17,4.467613631540977,0.05813953488372093,0.25974497857796375
KORIYA,86,4,1.1295873797058279e-17,5.623786132293567,0.046511627906976744,0.2615714480136543
KOTA,86,4,-4.550623443957764e-17,6.2580017141812965,0.046511627906976744,0.2910698471712231
KOTPUTLI-BEHROR,7,0,,,0.0,
KOTTAYAM,86,5,1.9525724706343597e-17,4.7411004558037915,0.05813953488372093,0.2756453753374297
KOZHIKODE,87,5,1.754662826275391e-17,5.338942694963184,0.05747126436781609,0.30683578706684966
KRA DAADI,69,4,-2.8157830334696e-17,4.033186883979157,0.057971014492753624,0.23380793530313954
KRISHNA,88,5,-6.938893903907228e-18,5.283650829444762,0.056818181818181816,0.3002074334911797
KRISHNAGIRI,87,5,2.1055953915304692e-17,5.415538600678917,0.05747126436781609,0.3112378506137309
KULGAM,85,5,-1.730641773680391e-17,4.443377373754136,0.058823529411764705,0.26137513963259623
KULLU,85,5,6.857259857978908e-18,5.425761868836947,0.058823529411764705,0.31916246287276157
KUPWARA,87,5,3.254101968728907e-17,5.248845820388968,0.05747126436781609,0.30165780576948087
KURNOOL,88,4,-1.0723745124220262e-17,5.78040127021725,0.045454545454545456,0.2627455122826023
KURUKSHETRA,85,5,2.416367759478282e-17,4.8920740728680245,0.058823529411764705,0.2877690631098838
KURUNG KUMEY,78,4,1.921539850312771e-17,4.833876051853664,0.05128205128205128,0.24789107958223916
KUSHINAGAR,88,4,3.9740937813286855e-17,6.442139170246202,0.045454545454545456,0.29282450773846375
KUSHINAGAR *,31,1,2.6412563892292032e-17,5.2634513572233885,0.03225806451612903,0.16978875345881897
LAHAUL AND SPITI,32,1,1.0408340855860843e-17,4.194755370382664,0.03125,0.13108610532445825
LAHUL & SPITI,70,1,-6.740639792367022e-18,7.097147492016202,0.014285714285714285,0.10138782131451717
LAHUL AND SPITI,69,2,-2.0917245391488457e-17,6.961802089928073,0.028985507246376812,0.20179136492545138
LAKHIMPUR,87,4,1.595148023886719e-17,5.825972519141771,0.04597701149425287,0.26786080547778257
LAKHISARAI,86,5,2.0655312086049424e-17,4.94813949489888,0.05813953488372093,0.2876825287731907
LAKSHADWEEP,84,5,2.64338815386942e-18,4.603334849072059,0.05952380952380952,0.2740080267304797
LALITPUR,86,4,-1.9364355080671335e-18,6.569897317266582,0.046511627906976744,0.305576619407748
LATEHAR,85,5,1.8286026287943755e-17,5.157775946720224,0.058823529411764705,0.30339858510118967
LATUR,88,5,-5.677276830469551e-18,4.67014883107394,0.056818181818181816,0.2653493654019284
LAWNGTLAI,85,2,0.0,7.001278581572515,0.023529411764705882,0.16473596662523562
LEH,84,3,-4.1302939904209694e-17,5.373785277005988,0.03571428571428571,0.19192090275021384
LEH (LADAKH),7,0,3.172065784643304e-17,1.815682598006407,0.0,0.0
LEPARADA,19,1,2.337311630789803e-17,3.898907715754551,0.05263157894736842,0.20520566925023953
LOHARDAGA,86,5,1.6136962567226113e-17,5.236699267329357,0.05813953488372093,0.30445925972845095
LOHIT,81,5,-3.272416631225384e-17,4.283434934190227,0.06172839506172839,0.2644095638389029
LONGDING,77,5,-2.1267259237949428e-17,4.735303638798139,0.06493506493506493,0.3074872492726064
LONGLENG,81,4,-3.563678844475811e-17,4.580537937377515,0.04938271604938271,0.22619940431493898
LOWER DIBANG VALLEY,78,5,-7.11681426041767e-19,4.288918517134032,0.0641025641025641,0.27493067417525846
LOWER SIANG,57,3,5.843279076974508e-18,4.8221688908796905,0.05263157894736842,0.2537983626778784
LOWER SUBANSIRI,80,3,-4.8572257327350596e-18,5.872248330814744,0.0375,0.22020931240555291
LUCKNOW,88,5,1.0723745124220262e-17,5.143683229702811,0.056818181818181816,0.29225472896038696
LUDHIANA,88,5,3.784851220313033e-18,4.749195961717257,0.056818181818181816,0.269840679643026
LUNGLEI,81,2,3.4266142735344336e-18,7.1034539325615285,0.024691358024691357,0.17539392426077846
MADHEPURA,86,5,-1.5168744813192545e-17,5.5578460966354895,0.05813953488372093,0.32313058701369124
MADHUBANI,87,5,-1.914177628664063e-17,5.134935410315489,0.05747126436781609,0.29511123047790166
MADURAI,88,5,-4.289498049688105e-17,4.99431500889808,0.056818181818181816,0.28376789823284543
MAHABUB NAGAR,86,2,-1.0214697305054129e-16,3.5541544133373244,0.023255813953488372,0.08265475379854242
MAHABUBABAD,86,5,-1.1618613048402802e-17,4.820318302103997,0.05813953488372093,0.2802510640758138
MAHABUBNAGAR,88,5,-1.0723745124220262e-17,5.054125361892266,0.056818181818181816,0.28716621374387874
MAHARAJGANJ,88,5,2.8386384152347754e-18,6.025742880144534,0.056818181818181816,0.3423717545536667
MAHASAMUND,88,4,-3.154042683594195e-19,5.667763827690702,0.045454545454545456,0.25762562853139553
MAHBUBNAGAR,85,4,-2.4816749962209383e-17,4.967849137790727,0.047058823529411764,0.2337811358960342
MAHENDRAGARH,87,5,-3.1902960477734383e-19,5.24794324395344,0.05747126436781609,0.3016059335605425
MAHESANA,85,4,-1.436759208338438e-17,5.63190230518966,0.047058823529411764,0.26503069671480756
MAHISAGAR,86,5,-1.6782441069915156e-17,5.492999807201415,0.05813953488372093,0.319360453907059
MAHOBA,86,5,-2.840105411831796e-17,5.902345786320842,0.05813953488372093,0.3431596387395838
MAHRAJGANJ,17,1,-7.836868409118753e-17,3.162491464817565,0.058823529411764705,0.18602890969515087
MAIHAR,80,1,1.5265566588595904e-17,8.226996481776375,0.0125,0.10283745602220469
MAINPURI,87,5,-1.9779835496195318e-17,5.826824628752716,0.05747126436781609,0.33487497866394916
MAJULI,82,4,4.738756812424449e-18,4.91212404544374,0.04878048780487805,0.23961580709481659
MALAPPURAM,86,5,-3.001475037504057e-17,4.786296685512101,0.05813953488372093,0.2782730631111687
MALDA,88,5,-3.784851220313033e-18,5.897342082529607,0.056818181818181816,0.33507625468918223
MALDAH,87,4,2.073692431052735e-17,6.66604774722052,0.04597701149425287,0.3064849538951963
MALERKOTLA,85,5,1.6653345369377347e-17,6.064797961548044,0.058823529411764705,0.356752821267532
MALKANGIRI,87,5,3.828355257328126e-17,6.125953613125033,0.05747126436781609,0.35206629960488695
MAMIT,77,2,-2.84764996575933e-17,7.197065246051837,0.025974025974025976,0.18693675963771006
MAMMIT,67,2,9.528033420290522e-18,6.838540235701189,0.029850746268656716,0.2041355294239161
MANCHERIAL,83,5,-2.00642715293703e-17,4.709603378018356,0.060240963855421686,0.2837110468685756
MANDI,88,5,-2.7755575615628914e-17,4.7947187010448635,0.056818181818181816,0.2724271989230036
MANDLA,84,5,-1.1895246692412391e-17,4.422076575179117,0.05952380952380952,0.26321884376066174
MANDSAUR,88,5,-2.6809362810550656e-17,5.258063445193544,0.056818181818181816,0.29875360484054225
MANDYA,85,5,-1.3061447348531253e-17,4.866882640276622,0.058823529411764705,0.28628721413391894
MANENDRAGARHCHIRMIRIBHARATPUR,3,0,0.0,0.734000822151203,0.0,0.0
MANENDRAGARH–CHIRMIRI–BHARATPUR,62,2,1.343011723336883e-17,4.4136816116105875,0.03225806451612903,0.14237682618098668
MANSA,85,5,-1.959217102279688e-17,5.178763826165628,0.058823529411764705,0.30463316624503695
MARIGAON,87,3,-1.1166036167207034e-17,6.666996943945308,0.034482758620689655,0.22989644634294165
MATHURA,86,5,1.2264091551091846e-17,4.966553907168975,0.05813953488372093,0.28875313413773107
MAU,87,5,1.595148023886719e-17,5.126061209488693,0.05747126436781609,0.2946012189361318
MAUGANJ,83,3,-7.42378046586701e-17,4.847790460210627,0.03614457831325301,0.17522134193532385
MAYILADUTHURAI,83,1,4.815425167048872e-17,8.068490088411457,0.012048192771084338,0.09721072395676454
MAYURBHANJ,87,5,-1.9779835496195318e-17,4.543340833472907,0.05747126436781609,0.2611115421536154
MEDAK,87,5,-1.2761184191093753e-17,4.913932286528253,0.05747126436781609,0.2824099015246122
MEDCHAL-MALKAJGIRI,86,5,1.1618613048402802e-17,4.831081550240541,0.05813953488372093,0.28087683431631055
MEDCHAL?MALKAJGIRI,6,0,4.625929269271486e-17,2.0412394066080974,0.0,0.0
MEDCHAL−MALKAJGIRI,81,2,-9.800116822308481e-17,3.138137460957054,0.024691358024691357,0.07748487557918651
MEDINIPUR,43,1,-1.5491484064537068e-17,3.1742538324621834,0.023255813953488372,0.07381985656888798
MEERUT,87,5,8.932828933765627e-18,4.770216430481802,0.05747126436781609,0.27415036956791966
MELURI,67,1,0.0,4.425831773833797,0.014925373134328358,0.06605719065423576
MEWAT,86,4,-1.1618613048402802e-17,5.861348204895091,0.046511627906976744,0.27262084673930653
MIRZAPUR,86,4,1.420052705915898e-17,4.997749697745273,0.046511627906976744,0.23245347431373362
MOGA,86,5,1.9364355080671335e-18,4.470175325910468,0.05813953488372093,0.2598939142971202
MOHALI,6,0,,,0.0,
MOHALLA-MANPUR-AMBAGARH CHOWKI,32,1,6.5052130349130266e-18,2.7911261808980057,0.03125,0.08722269315306268
MOHLA-MANPUR-AMBAGARH CHOUKI,77,4,1.4058018818305552e-17,5.516547134357511,0.05194805194805195,0.2865738771094811
MOKOKCHUNG,86,4,-2.452818310218369e-17,5.324914441010491,0.046511627906976744,0.247670439116767
MON,86,5,3.162844663176318e-17,4.912752613251884,0.05813953488372093,0.28562515193324906
MONGHYR,51,2,-2.1769078914218755e-18,2.72884117076683,0.0392156862745098,0.10701337924575804
MORADABAD,87,5,5.742532885992189e-18,5.151753737528097,0.05747126436781609,0.29607780100736186
MORBI,83,5,2.00642715293703e-17,4.705546309592001,0.060240963855421686,0.2834666451561446
MORENA,87,5,-2.2651101939191412e-17,4.554342060795779,0.05747126436781609,0.26174379659745856
MUKTSAR,86,5,-9.682177540335668e-18,4.506295102696725,0.05813953488372093,0.261993901319577
MULUGU,83,3,1.805784437643327e-17,5.628700042315282,0.03614457831325301,0.20344698948127526
MUMBAI,87,5,-4.2111907830609384e-17,4.820193483758551,0.05747126436781609,0.27702261400911216
MUMBAI CITY,86,5,3.291940363714127e-17,4.435366242420886,0.05813953488372093,0.2578701303733073
MUMBAI SUBURBAN,88,5,-1.7031830491408652e-17,4.637592441019321,0.056818181818181816,0.2634995705124614
MUMBAI( SUB URBAN ),83,1,-1.738903532545426e-17,4.535076032544981,0.012048192771084338,0.05463947027162628
MUNGELI,87,4,-2.073692431052735e-17,5.903979058521217,0.04597701149425287,0.2714473130354582
MUNGER,85,5,1.502066445081094e-17,4.73027716650477,0.058823529411764705,0.27825159802969235
MURSHIDABAD,87,5,1.5313421029312504e-17,5.757485953603395,0.05747126436781609,0.3308899973335285
MUZAFFARNAGAR,87,4,-2.9350723639515634e-17,5.7551690983267365,0.04597701149425287,0.2646054757851373
MUZAFFARPUR,87,5,-1.499439142453516e-17,5.090596544916067,0.05747126436781609,0.29256301982276245
MYSORE,85,5,1.3061447348531253e-17,4.597226214725974,0.058823529411764705,0.27042507145446903
MYSURU,86,5,-3.066022887772961e-17,4.911896800206174,0.05813953488372093,0.28557539536082405
N. T. R,86,4,3.421036064251936e-17,4.570845278633237,0.046511627906976744,0.21259745482015055
NABARANGAPUR,87,5,1.7865657867531254e-17,4.693445852739624,0.05747126436781609,0.269738267398829
NADIA,88,5,-3.9110129276568017e-17,5.197082243773768,0.056818181818181816,0.2952887638507823
NAGAON,88,5,-3.492116633741947e-17,5.316109283350192,0.056818181818181816,0.30205166382671544
NAGAPATTINAM,88,5,1.766263902812749e-17,4.699027272305031,0.056818181818181816,0.2669901859264222
NAGARKURNOOL,87,5,5.2320855183484386e-17,5.2373368546017645,0.05747126436781609,0.3009963709541244
NAGAUR,87,5,-2.584139798696485e-17,5.641859194768838,0.05747126436781609,0.3242447813085539
NAGPUR,88,5,2.838638415234775e-17,4.130229892865444,0.056818181818181816,0.23467215300371838
NAINITAL,86,5,-3.2273925134452225e-18,4.471220854862822,0.05813953488372093,0.25995470086411754
NAJAFGARH,74,3,1.0877185038557277e-17,5.429436421225869,0.04054054054054054,0.2201122873469947
NALANDA,87,5,-1.5313421029312504e-17,4.820482949558231,0.05747126436781609,0.277039249974611
NALBARI,87,3,-3.509325652550782e-17,5.952269581006408,0.034482758620689655,0.2052506752071175
NALGONDA,88,5,2.3339915858597042e-17,5.064033559497182,0.056818181818181816,0.2877291795168853
NAMAKKAL,86,5,2.3237226096805603e-17,4.359660876782596,0.05813953488372093,0.2534686556268951
NAMCHI,5,0,,,0.0,
NAMSAI,80,4,1.4224732503009817e-17,4.661231065087527,0.05,0.23306155325437639
NANDED,88,5,-1.8924256101565167e-18,4.9690418057226555,0.056818181818181816,0.2823319207796963
NANDURBAR,88,5,2.5232341468753557e-17,6.074468633431641,0.056818181818181816,0.3451402632631614
NANDURBAR *,77,2,3.42438919933084e-17,3.4255340694003524,0.025974025974025976,0.08897491089351565
NANDYAL,85,3,1.959217102279688e-18,5.868060895052848,0.03529411764705882,0.2071080315901005
NARAYANPET,83,3,2.0398676054859805e-17,6.302293926773593,0.03614457831325301,0.22779375638940697
NARAYANPUR,80,5,-2.949029909160572e-17,4.802648077824058,0.0625,0.3001655048640036
NARMADA,83,5,-1.8726653427412278e-17,4.504552560571432,0.060240963855421686,0.27135858798623086
NARMADAPURAM,83,5,-5.6848769333215845e-18,4.666430144807097,0.060240963855421686,0.2811102496871745
NARSIMHAPUR,84,4,1.1234399653945037e-17,5.741543653689021,0.047619047619047616,0.27340684065185816
NARSINGHPUR,87,4,-1.2761184191093753e-18,5.499090799588663,0.04597701149425287,0.25283176090062814
NASHIK,87,5,-4.785444071660157e-17,5.562924547950772,0.05747126436781609,0.3197083073534926
NAVSARI,84,5,-4.163336342344337e-17,5.210141515933597,0.05952380952380952,0.3101274711865236
NAWADA,86,5,-5.486567272856878e-18,5.53315173656907,0.05813953488372093,0.32169486840517847
NAWANSHAHR,78,3,1.1386902816668272e-17,2.912638956401435,0.038461538461538464,0.11202457524620905
NAYAGARH,86,5,-1.0973134545713756e-17,4.845900056733461,0.05813953488372093,0.2817383753914803
NEEMUCH,87,4,-1.3399243400648442e-17,5.157306124492591,0.04597701149425287,0.23711752296517657
NELLORE,87,4,1.3399243400648442e-17,5.2705436711861635,0.04597701149425287,0.24232384695108797
NEW DELHI,83,5,-1.538260817251723e-17,5.102178891858159,0.060240963855421686,0.30736017420832284
NICOBAR,75,3,-4.51490696680897e-17,4.844870209987282,0.04,0.1937948083994913
NICOBARS,2,0,,,0.0,
NIRMAL,84,3,-5.28677630773884e-18,5.678461166500698,0.03571428571428571,0.20280218451788207
NIULAND,39,2,2.2773805633336544e-17,4.6175788086259075,0.05128205128205128,0.23679891326286703
NIWARI,79,5,-2.1080184011870062e-17,4.844248310074365,0.06329113924050633,0.3065979943085041
NIZAMABAD,87,5,-1.7227598657976568e-17,4.879751883787,0.05747126436781609,0.28044551056247125
NOKLAK,72,5,-7.709882115452476e-18,4.547216085163501,0.06944444444444445,0.3157788948030209
NORTH,58,2,-1.6270509843644534e-17,5.074620220321043,0.034482758620689655,0.17498690414900148
NORTH 24 PARGANAS,87,5,4.498317427360548e-17,5.607254876317201,0.05747126436781609,0.3222560273745518
NORTH AND MIDDLE ANDAMAN,81,4,3.4951465590051226e-17,4.714208940729444,0.04938271604938271,0.2328004415175034
NORTH CACHAR HILLS,83,4,3.9459734007761586e-17,4.871140232537163,0.04819277108433735,0.23475374614636932
NORTH DELHI,87,5,9.570888143320315e-19,5.468741032350962,0.05747126436781609,0.31429546162936567
NORTH DINAJPUR,81,3,-4.163336342344337e-17,7.109630873638174,0.037037037037037035,0.26331966198659906
NORTH EAST,86,3,9.359438288991145e-18,6.661543750119174,0.03488372093023256,0.2323794331436921
NORTH EAST DELHI,88,5,2.3024511590237623e-17,5.934071345783722,0.056818181818181816,0.33716314464680236
NORTH GARO HILLS,74,4,-2.250452076942885e-17,4.977366197725675,0.05405405405405406,0.26904682149868514
NORTH GOA,87,5,-1.6908569053199224e-17,4.786661665679178,0.05747126436781609,0.27509549802753896
NORTH SIKKIM,71,3,1.7982485610125776e-17,5.268419162329696,0.04225352112676056,0.222609260380128
NORTH TRIPURA,85,4,3.3306690738754695e-17,5.795395989217173,0.047058823529411764,0.2727245171396317
NORTH TWENTY FOUR PARGANAS,86,5,0.0,5.37984265486591,0.05813953488372093,0.3127815497015064
NORTH WEST DELHI,88,5,2.5547745737112976e-17,5.666282419656792,0.056818181818181816,0.3219478647532268
NUAPADA,86,5,-5.809306524201401e-18,5.350397573258753,0.05813953488372093,0.3110696263522531
OSMANABAD,86,5,3.421036064251936e-17,4.66748111014872,0.05813953488372093,0.27136518082259997
PAKAUR,78,4,-1.423362852083534e-18,5.519991921534095,0.05128205128205128,0.2830765087966203
PAKKE KESSANG,32,1,1.431146867680866e-17,5.1749649974545076,0.03125,0.16171765617045336
PAKUR,86,5,2.581914010756178e-18,4.949196958939416,0.05813953488372093,0.2877440092406637
PALAKKAD,87,5,-1.754662826275391e-17,4.584402557631601,0.05747126436781609,0.263471411358138
PALAMAU,81,4,-1.4734441376198066e-17,5.557526095530057,0.04938271604938271,0.2744457331125954
PALAMU,87,4,-6.699621700324221e-18,5.2454797283885455,0.04597701149425287,0.2411714817649906
PALGHAR,87,5,3.062684205862501e-17,4.794258623079234,0.05747126436781609,0.2755321047746686
PALI,87,5,6.380592095546877e-19,6.056756907834825,0.05747126436781609,0.34808947746177155
PALNADU,82,3,1.2185374660520011e-17,5.801877150399264,0.036585365853658534,0.21226379818533891
PALWAL,86,5,5.809306524201401e-18,5.64511333984698,0.05813953488372093,0.32820426394459185
PANCH MAHALS,73,1,8.744907385746096e-17,3.618101487085549,0.0136986301369863,0.04956303406966505
PANCHKULA,85,5,1.0449157878825003e-17,5.259348736757496,0.058823529411764705,0.3093734551033821
PANCHMAHALS,87,5,2.1055953915304692e-17,5.632786784054513,0.05747126436781609,0.32372337839393756
PANDHURNA,69,1,-3.218037752536686e-17,7.884838452930802,0.014492753623188406,0.11427302105696815
PANIPAT,86,5,1.5491484064537068e-17,5.437254317148248,0.05813953488372093,0.3161194370435028
PANNA,87,5,-2.998878284907032e-17,4.714786875722771,0.05747126436781609,0.27096476297257305
PAPUM PARE,84,5,-9.912705577010326e-18,5.0092504477933835,0.05952380952380952,0.2981696695115109
PARBHANI,87,5,4.8492499926156265e-17,5.494924739499197,0.05747126436781609,0.31580027238501135
PARVATHIPURAM MANYAM,83,4,-2.407712583524436e-17,5.150260417850576,0.04819277108433735,0.24820532134219644
PASCHIM BARDHAMAN,85,4,-1.1102230246251566e-17,4.921641518678923,0.047058823529411764,0.23160665970253755
PASCHIM MEDINIPUR,87,5,-2.4246249963078133e-17,5.808985419237577,0.05747126436781609,0.3338497367377918
PASHCHIM CHAMPARAN,70,2,3.6478756523398e-17,6.751940005944983,0.02857142857142857,0.19291257159842806
PASHCHIMI SINGHBHUM,83,4,-1.5717012698006735e-17,5.408559711491253,0.04819277108433735,0.2606534800718676
PATAN,86,5,-1.9364355080671336e-17,5.954934651675317,0.05813953488372093,0.34621713091135564
PATHANAMTHITTA,86,5,-1.3877787807814457e-17,4.7280836600092115,0.05813953488372093,0.2748885848842565
PATHANKOT,85,5,1.6326809185664067e-17,6.074820300867268,0.058823529411764705,0.35734237063925106
PATIALA,88,5,-2.397072439531588e-17,5.144185995551173,0.056818181818181816,0.2922832952017712
PATNA,86,5,-3.6146796150586495e-17,4.677920839137641,0.05813953488372093,0.2719721418103279
PAURI GARHWAL,87,5,1.6270509843644534e-17,4.806131187631257,0.05747126436781609,0.2762144360707619
PEDDAPALLI,84,4,-5.28677630773884e-18,4.622864465778065,0.047619047619047616,0.2201364031322888
PERAMBALUR,86,5,2.840105411831796e-17,4.677932209001302,0.05813953488372093,0.2719728028489129
PEREN,82,5,-5.415722071342227e-18,4.718099854382524,0.06097560975609756,0.2876890155111295
PHALODI,2,0,,,0.0,
PHEK,83,4,1.939546247839129e-17,5.049076807459655,0.04819277108433735,0.24332900276914002
PHERZAWL,2,0,,,0.0,
PILIBHIT,88,5,4.4156597570318725e-18,4.5438083011402375,0.056818181818181816,0.25817092620114984
PITHORAGARH,85,5,-4.261297197458322e-17,4.856455899359819,0.058823529411764705,0.2856738764329305
PONDICHERRY,85,5,-2.3510605227356256e-17,4.627592051417248,0.058823529411764705,0.27221129714219106
PORBANDAR,83,5,2.407712583524436e-17,4.538765782506327,0.060240963855421686,0.2734196254521884
PRAKASAM,87,4,-1.1804095376761721e-17,5.109337969449977,0.04597701149425287,0.23491209054942425
PRATAPGARH,88,5,-5.046468293750712e-18,5.560939376044823,0.056818181818181816,0.3159624645480013
PRAYAGRAJ,85,5,9.79608551139844e-18,5.301963305964021,0.058823529411764705,0.3118801944684718
PUDUCHERRY,88,5,-2.964800122578543e-17,5.159037220644483,0.056818181818181816,0.2931271148093456
PUDUKKOTTAI,87,5,-2.2970131543968756e-17,4.484151198703707,0.05747126436781609,0.2577098390059602
PULWAMA,83,5,4.8823060721467724e-17,4.934839735116006,0.060240963855421686,0.29727950211542203
PUNCH,87,4,-3.6369374944617196e-17,5.596327200853797,0.04597701149425287,0.25730240003925503
PUNE,88,5,6.308085367188389e-18,4.922512254184202,0.056818181818181816,0.279688196260466
PURBA BARDHAMAN,84,5,1.2556093730879747e-17,4.941509138641861,0.05952380952380952,0.29413744872868214
PURBA CHAMPARAN,68,1,-9.79608551139844e-18,3.36005604722238,0.014705882352941176,0.04941258892974088
PURBA MEDINIPUR,87,5,4.976861834526564e-17,5.743731860418396,0.05747126436781609,0.33009953220795374
PURBI SINGHBHUM,86,5,3.0982968129074136e-17,4.992552161437097,0.05813953488372093,0.29026466054866845
PURI,87,5,1.7227598657976568e-17,4.705691586749658,0.05747126436781609,0.2704420452154976
PURNEA,85,5,7.51033222540547e-18,5.133488729785118,0.058823529411764705,0.30196992528147754
PURNIA,87,5,2.2332072334414068e-18,4.799350152726464,0.05747126436781609,0.2758247214210611
PURULIA,84,4,-3.96508223080413e-18,6.019250073788721,0.047619047619047616,0.286630955894701
PURULIYA,88,5,3.9740937813286855e-17,5.373175812182991,0.056818181818181816,0.3052940802376699
RAE BARELI,87,5,1.0208947352875003e-17,4.603798338899906,0.05747126436781609,0.26458611143102906
RAEBARELI,9,0,,,0.0,
RAICHUR,86,5,-1.8396137326637767e-17,4.802862475282853,0.05813953488372093,0.2792361904234217
RAIGAD,86,5,-5.4220194225879736e-17,4.541089311315964,0.05813953488372093,0.26401682042534674
RAIGARH,87,5,-1.4675361819757817e-17,5.4227143197556735,0.05747126436781609,0.3116502482618203
RAIGARH(MH),76,1,1.2270886061646468e-16,2.703317509328202,0.013157894736842105,0.03556996722800266
RAIPUR,88,4,-5.330332135274189e-17,5.387387788073253,0.045454545454545456,0.2448812630942388
RAISEN,86,4,2.5173661604872734e-17,4.697821174192011,0.046511627906976744,0.2185033104275354
RAJANNA SIRCILLA,83,4,1.1369753866643169e-17,4.822492289766621,0.04819277108433735,0.23240926697670464
RAJAURI,11,1,2.8260222445003984e-16,3.0151134457776365,0.09090909090909091,0.2741012223434215
RAJGARH,86,5,-6.777524278234967e-18,4.552892685778329,0.05813953488372093,0.26470306312664704
RAJKOT,88,5,-1.6401021954689813e-17,4.648139223467906,0.056818181818181816,0.2640988195152219
RAJNANDGAON,87,4,3.413616771117579e-17,6.528877980275959,0.04597701149425287,0.30017829794372225
RAJOURI,87,5,8.932828933765627e-18,5.734204027290351,0.05747126436781609,0.3295519555913995
RAJSAMAND,87,5,-4.8492499926156265e-17,5.961623484733378,0.05747126436781609,0.342622039352493
RAMANAGAR,85,5,2.187792430878985e-17,4.971267069987817,0.058823529411764705,0.2924274747051657
RAMANATHAPURAM,87,5,-1.2123124981539066e-17,4.477988841404637,0.05747126436781609,0.2573556805404964
RAMBAN,86,5,-3.743775315596458e-17,3.9744290310540213,0.05813953488372093,0.23107145529383843
RAMGARH,86,4,-3.2273925134452225e-18,5.3193563119455325,0.046511627906976744,0.2474119214858387
RAMPUR,87,5,2.998878284907032e-17,5.553356995866226,0.05747126436781609,0.31915844803828886
RANCHI,85,4,-3.2653618371328133e-18,5.284197378071631,0.047058823529411764,0.2486681119092532
RANGAREDDI,88,5,2.7124767078910075e-17,5.280163915634705,0.056818181818181816,0.3000093133883355
RANGAREDDY,83,5,-3.9794138533251095e-17,4.7078481554095575,0.060240963855421686,0.2836053105668408
RANIPET,78,2,8.469008969897027e-17,5.042124324719457,0.02564102564102564,0.12928523909537068
RATLAM,85,4,3.526590784103438e-17,5.480604515681189,0.047058823529411764,0.2579108007379383
RATNAGIRI,88,5,2.397072439531588e-17,5.149822451213937,0.056818181818181816,0.2926035483644282
RAYAGADA,86,5,2.3882704599494646e-17,4.624408779050721,0.05813953488372093,0.2688609755262047
REASI,87,5,-3.828355257328126e-18,4.774280935861889,0.05747126436781609,0.27438396183114305
REWA,87,5,-2.32891611487461e-17,4.2912934979233635,0.05747126436781609,0.24662606309904386
REWARI,87,5,4.466414466882814e-17,6.716335457687298,0.05747126436781609,0.3859962906716838
RI BHOI,85,5,-3.918434204559376e-17,4.81650310400735,0.058823529411764705,0.2833237120004324
ROHTAK,86,5,-1.2264091551091846e-17,4.601806274279806,0.05813953488372093,0.2675468764116166
ROHTAS,87,5,-2.1055953915304692e-17,4.807880520432814,0.05747126436781609,0.2763149724386675
RUDRAPRAYAG,86,5,-3.356488213983031e-17,4.6144613231436615,0.05813953488372093,0.26828263506649197
RUPNAGAR,87,5,2.2970131543968756e-17,5.335233801099035,0.05747126436781609,0.306622632247071
S.A.S NAGAR(MOHALI),82,2,3.114040191021781e-17,7.824908147465876,0.024390243902439025,0.19085141823087504
SABAR KANTHA,71,2,6.567516483698109e-17,3.5326410980236727,0.028169014084507043,0.09951101684573727
SABARKANTHA,87,5,3.1902960477734383e-18,5.764569516492586,0.05747126436781609,0.3312970986489992
SAGAR,87,5,1.3399243400648442e-17,4.760984059841349,0.05747126436781609,0.27361977355410055
SAHARANPUR,87,5,5.742532885992189e-18,4.813498933981739,0.05747126436781609,0.27663786976906546
SAHARSA,87,4,-3.317907889684376e-17,5.169199914747542,0.04597701149425287,0.2376643638964387
SAHEBGANJ,86,5,9.682177540335668e-18,5.144281321382038,0.05813953488372093,0.29908612333616497
SAHIBGANJ,80,5,4.128641872824801e-17,4.432059513438761,0.0625,0.27700371958992254
SAIHA,80,2,-2.0816681711721684e-18,7.616316817261083,0.025,0.1904079204315271
SAITUAL,21,2,1.850371707708594e-17,3.133944405470601,0.09523809523809523,0.29847089575910485
SAKTI,83,3,4.6816633568530694e-18,6.492260587199816,0.03614457831325301,0.23466002122408972
SALEM,88,5,1.6716426223049233e-17,5.554901929690453,0.056818181818181816,0.31561942782332114
SAMASTIPUR,87,5,4.306899664494142e-17,5.514910541711913,0.05747126436781609,0.31694888170758123
SAMBA,86,5,1.420052705915898e-17,4.528187893555989,0.05813953488372093,0.2632667379974412
SAMBALPUR,86,5,-8.068481283613057e-18,4.627416400666145,0.05813953488372093,0.26903583724803165
SAMBHAL,86,5,1.1618613048402802e-17,4.969288598545124,0.05813953488372093,0.28891212782239095
SAMSTIPUR,59,1,-3.763467880085276e-17,2.7966368163120676,0.01694915254237288,0.04740062400528928
SANGAREDDY,86,5,-7.10026352957949e-18,5.213933815957294,0.05813953488372093,0.30313568697426124
SANGLI,85,5,2.2204460492503132e-17,4.492977837077438,0.058823529411764705,0.2642928139457317
SANGRUR,86,5,-1.6136962567226113e-17,5.244133107222446,0.05813953488372093,0.3048914597222352
SANT KABIR NAGAR,87,4,4.274996704016407e-17,5.254773105696827,0.04597701149425287,0.2415987634803139
SANT RAVIDAS NAGAR,86,5,1.5491484064537068e-17,4.767993221035179,0.05813953488372093,0.2772089081997197
SANT RAVIDAS NAGAR BHADOHI,53,1,1.531793559919143e-17,3.0933659677107497,0.018867924528301886,0.05836539561718396
SARAN,86,5,3.550131764789745e-18,4.475214483287225,0.05813953488372093,0.26018688856321076
SARANGARH-BILAIGARH,78,2,-6.120460263959197e-17,2.850619901244316,0.02564102564102564,0.07309281798062349
SAS NAGAR (MOHALI),87,5,-5.104473676437501e-18,6.591576627285423,0.05747126436781609,0.37882624294743805
SATARA,89,5,9.979532805619384e-18,4.8856143755404355,0.056179775280898875,0.2744727177269908
SATNA,86,5,-2.291448684546108e-17,4.973156368927277,0.05813953488372093,0.2891369981934463
SAWAI MADHOPUR,87,5,-3.317907889684376e-17,5.8004922920399,0.05747126436781609,0.3333616259793046
SEHORE,86,5,1.0650395294369235e-17,4.962237442434942,0.05813953488372093,0.2885021768857524
SENAPATI,87,3,1.0847006562429691e-17,7.6892000247895975,0.034482758620689655,0.2651448284410206
SEONI,87,5,-2.0417894705750005e-17,4.2585140995469315,0.05747126436781609,0.244742189629134
SEPAHIJALA,81,4,-7.538551401775754e-18,5.302849439873935,0.04938271604938271,0.2618691081419227
SERAIKELA-KHARSAWAN,85,5,-1.3061447348531253e-18,5.299038270619122,0.058823529411764705,0.3117081335658307
SERCHHIP,83,1,7.022495035279604e-18,8.6416541160293,0.012048192771084338,0.10411631465095543
SHAHDARA,83,5,-5.016067882342575e-18,5.167388163412902,0.060240963855421686,0.31128844357909047
SHAHDOL,86,5,-1.9687094332015858e-17,5.12967216053948,0.05813953488372093,0.29823675351973716
SHAHEED BHAGAT SINGH NAGAR,84,5,2.7755575615628914e-17,5.147655682090395,0.05952380952380952,0.30640807631490447
SHAHJAHANPUR,87,4,0.0,4.98806469539274,0.04597701149425287,0.229336307834149
SHAJAPUR,86,5,3.872871016134267e-18,4.856726860553024,0.05813953488372093,0.28236784072982696
SHAMATOR,51,1,-2.3401759832785162e-17,6.932312795260091,0.0196078431372549,0.13592770186784492
SHAMLI,88,5,1.2616170734376778e-17,5.25331028807165,0.056818181818181816,0.2984835390949801
SHEIKHPURA,85,5,-7.51033222540547e-18,4.7357351340279354,0.058823529411764705,0.27857265494281974
SHEIKPURA,60,1,-5.181040781584064e-17,5.2652723016237255,0.016666666666666666,0.08775453836039543
SHEOHAR,85,5,9.469549327685159e-18,5.030950341298366,0.058823529411764705,0.2959382553704921
SHEOPUR,86,5,-3.743775315596458e-17,5.134342177457465,0.05813953488372093,0.298508266131248
SHI-YOMI,61,2,-4.004083039631712e-17,3.5243075911565755,0.03278688524590164,0.11555106856251068
SHIMLA,87,5,8.932828933765627e-18,4.7419068665517115,0.05747126436781609,0.27252338313515584
SHIMOGA,84,5,-2.048625819248801e-17,4.579530166624835,0.05952380952380952,0.27259108134671634
SHIVAMOGGA,86,5,1.2264091551091846e-17,4.646185339358575,0.05813953488372093,0.27012705461387065
SHIVPURI,86,3,1.5168744813192545e-17,6.067031832039794,0.03488372093023256,0.21164064530371374
SHRAWASTI,87,4,2.5522368382187506e-18,4.789367318415609,0.04597701149425287,0.2202007962489935
SHUPIYAN,81,5,1.644774851296528e-17,4.75373412042675,0.06172839506172839,0.29344037780412036
SIANG,74,5,-6.751356230828655e-18,4.001740014098698,0.06756756756756757,0.2703878387904526
SIBSAGAR,87,4,2.1694013124859382e-17,6.610245074379261,0.04597701149425287,0.3039193137645637
SIDDHARTHNAGAR,86,4,3.1951185883107704e-17,5.415186237904369,0.046511627906976744,0.25186912734438927
SIDDIPET,86,5,-1.6782441069915156e-17,4.515753545942947,0.05813953488372093,0.26254381081063644
SIDHI,85,5,-1.3061447348531253e-17,4.675748325673722,0.058823529411764705,0.2750440191572778
SIKAR,87,5,7.337680909878908e-18,5.058011182591901,0.05747126436781609,0.29069029785010925
SIMDEGA,86,5,4.841088770167834e-18,5.565417577450413,0.05813953488372093,0.3235707893866519
SINDHUDURG,86,5,1.1618613048402802e-17,4.996120179177249,0.05813953488372093,0.29047210344053775
SINGRAULI,87,5,-1.0208947352875003e-17,5.320904477112641,0.05747126436781609,0.30579910788003684
SIRMAUR,86,4,-9.036699037646624e-18,5.651318580524975,0.046511627906976744,0.2628520270011616
SIROHI,86,5,1.8073398075293247e-17,5.905221710074512,0.05813953488372093,0.34332684360898325
SIRSA,87,5,-2.6160427591742193e-17,5.819238455746947,0.05747126436781609,0.3344389917095947
SITAMARHI,87,5,2.7117516406074227e-17,4.777359778776987,0.05747126436781609,0.2745609068262636
SITAPUR,87,5,1.3399243400648442e-17,4.8112503781668785,0.05747126436781609,0.2765086424233838
SIVAGANGA,88,5,-2.838638415234775e-17,5.015972388943466,0.056818181818181816,0.28499843118996965
SIWAN,87,5,-3.2860049292066415e-17,4.490595916002579,0.05747126436781609,0.25808022505761946
SOLAN,85,5,-9.143013143971877e-18,4.5404445543855,0.058823529411764705,0.26708497378738233
SOLAPUR,88,5,5.677276830469551e-18,4.881581112831159,0.056818181818181816,0.2773625632290431
SONAPUR,86,5,4.970184470705643e-17,4.345081476859217,0.05813953488372093,0.25262101609646614
SONBHADRA,85,4,-1.763295392051719e-17,5.4997426793937,0.047058823529411764,0.25881142020676234
SONIPAT,87,5,1.8822746681863285e-17,4.62313897070523,0.05747126436781609,0.2656976419945534
SONITPUR,87,5,4.0197730201945323e-17,5.674398156752991,0.05747126436781609,0.32611483659499946
SOUTH,78,3,1.3521947094793573e-17,5.199794229261238,0.038461538461538464,0.19999208574081687
SOUTH 24 PARGANA,4,0,,,0.0,
SOUTH 24 PARGANAS,88,5,2.460153293203472e-17,5.786562734553259,0.056818181818181816,0.32878197355416244
SOUTH ANDAMAN,82,5,-1.2016133345790566e-17,4.469697718777737,0.06097560975609756,0.27254254382791077
SOUTH DELHI,87,4,-7.656710514656252e-18,6.316850552740569,0.04597701149425287,0.2904299104708308
SOUTH DINAJPUR,83,3,5.016067882342575e-18,6.540734622734077,0.03614457831325301,0.23641209479761724
SOUTH DUMDUM(M),6,0,,,0.0,
SOUTH EAST DELHI,62,3,4.029035170010649e-18,4.396426560811608,0.04838709677419355,0.21273031745862617
SOUTH GARO HILLS,65,3,-2.3912495915003373e-17,5.688295157885747,0.046153846153846156,0.2625366995947268
SOUTH GOA,85,5,-1.2734911164817972e-17,4.571165549803574,0.058823529411764705,0.26889209116491614
SOUTH SALMARA MANKACHAR,85,4,-3.918434204559376e-17,5.270403087216406,0.047058823529411764,0.2480189688101838
SOUTH SIKKIM,77,4,-2.0185873175002847e-17,4.831988643665061,0.05194805194805195,0.25101239707350964
SOUTH TRIPURA,87,5,-3.828355257328126e-17,6.2214997892021815,0.05747126436781609,0.35755745914955067
SOUTH TWENTY FOUR PARGANAS,87,5,-2.998878284907032e-17,5.609377791501318,0.05747126436781609,0.3223780339943286
SOUTH WEST DELHI,87,5,-1.914177628664063e-18,5.477382857997801,0.05747126436781609,0.3147921182757357
SOUTH WEST GARO HILLS,82,5,1.692413147294446e-17,5.129512175192885,0.06097560975609756,0.3127751326337125
SOUTH WEST KHASI HILLS,81,4,-3.0154205607103015e-17,5.518539844026382,0.04938271604938271,0.2725204861247596
SRI MUKTSAR SAHIB,88,5,2.0185873175002847e-17,5.228703757313062,0.056818181818181816,0.297085440756424
SRI POTTI SRIRAMULU NELLORE,83,2,-3.879092495678258e-17,5.844583262788995,0.024096385542168676,0.14083333163346975
SRI SATHYA SAI,83,4,-4.0128543058740596e-18,5.284156151492864,0.04819277108433735,0.2546581277827886
SRIBHUMI,73,2,1.1216294255630862e-16,4.961781383586939,0.0273972602739726,0.13593921598868325
SRIKAKULAM,87,4,3.4455197315953135e-17,5.645320935413828,0.04597701149425287,0.25955498553626793
SRINAGAR,86,5,3.872871016134267e-18,4.9964912123088805,0.05813953488372093,0.29049367513423724
SUBARNAPUR,83,5,1.538260817251723e-17,5.142271207512339,0.060240963855421686,0.30977537394652643
SUKMA,84,4,1.6521175961683876e-18,5.889030684192416,0.047619047619047616,0.2804300325805912
SULTANPUR,87,4,-2.9350723639515634e-17,5.386698722152266,0.04597701149425287,0.24766430906447198
SUNDARGARH,85,5,-4.571506571985939e-18,4.714372832438358,0.058823529411764705,0.27731604896696227
SUNDERGARH,87,5,-2.073692431052735e-17,4.303997308131542,0.05747126436781609,0.2473561671339967
SUPAUL,88,4,-3.154042683594195e-17,5.552726025944921,0.045454545454545456,0.25239663754295094
SURAJPUR,88,3,1.829344756484633e-17,5.462697587028274,0.03409090909090909,0.18622832683050933
SURAT,89,5,-2.6819994415102097e-17,4.615228268921448,0.056179775280898875,0.25928248701805884
SURENDRA NAGAR,86,5,4.06651456694098e-17,4.754359975350964,0.05813953488372093,0.27641627763668397
SURENDRANAGAR,71,0,-7.466640764204398e-17,2.154456039319684,0.0,0.0
SURGUJA,87,4,1.754662826275391e-17,4.886307684623254,0.04597701149425287,0.22465782458037947
SURYAPET,87,4,-9.570888143320316e-18,4.849312878864209,0.04597701149425287,0.22295691397076825
TAMENGLONG,84,3,4.625929269271485e-18,5.887665352872143,0.03571428571428571,0.21027376260257652
TAMULPUR DISTRICT,40,2,-1.6653345369377347e-17,3.562662988210865,0.05,0.17813314941054326
TAPI,85,5,-1.0449157878825003e-17,4.393504074051019,0.058823529411764705,0.25844141612064814
TARN TARAN,85,5,9.143013143971877e-18,5.040779213858757,0.058823529411764705,0.29651642434463277
TAWANG,77,5,-1.1534784671430199e-17,4.620182356442827,0.06493506493506493,0.3000118413274563
TEHRI GARHWAL,85,5,1.7959490104230475e-18,4.519165909533756,0.058823529411764705,0.2658332887961033
TENKASI,84,2,2.2468799307890073e-17,7.174574421181948,0.023809523809523808,0.17082320050433208
THANE,88,5,2.7755575615628914e-17,5.028697739023234,0.056818181818181816,0.2857214624445019
THANJAVUR,88,5,-3.469446951953614e-18,5.351683144173191,0.056818181818181816,0.3040729059189313
THE DANGS,85,5,-1.2408374981104691e-17,4.645295406394782,0.058823529411764705,0.2732526709643989
THE NILGIRIS,88,5,-2.523234146875356e-18,5.103849857845617,0.056818181818181816,0.2899914691957737
THENI,87,5,-3.1902960477734383e-18,5.2196817140280665,0.05747126436781609,0.29998170770276245
THIRUVALLUR,83,2,1.672022627447525e-17,7.398246789557353,0.024096385542168676,0.17827100697728562
THIRUVANANTHAPURAM,85,5,1.2408374981104691e-17,4.372517246722959,0.058823529411764705,0.2572068968660564
THIRUVARUR,87,5,2.1694013124859382e-17,5.91227458068969,0.05747126436781609,0.3397858954419362
THOOTHUKKUDI,88,5,-1.2616170734376778e-17,6.473675939840566,0.056818181818181816,0.36782249658185034
THOUBAL,87,1,-2.9350723639515634e-17,8.945331137538037,0.011494252873563218,0.10281989813262112
THRISSUR,86,5,1.6136962567226112e-18,4.837994882446764,0.05813953488372093,0.281278772235277
TIKAMGARH,85,5,2.155138812507657e-17,4.8795769441819825,0.058823529411764705,0.2870339378930578
TINSUKIA,87,5,-2.6160427591742193e-17,5.1467864833775225,0.05747126436781609,0.2957923266308921
TIRAP,77,4,7.209240419643873e-18,4.114372238781773,0.05194805194805195,0.21373362279385838
TIRUCHIRAPPALLI,88,5,-2.6493958542191237e-17,4.692044049124777,0.056818181818181816,0.2665934118820896
TIRUNELVELI,88,5,3.595608659297382e-17,5.865690767715918,0.056818181818181816,0.3332778845293135
TIRUPATHUR,35,1,-1.9032394707859827e-17,3.154029441486672,0.02857142857142857,0.0901151268996192
TIRUPATI,86,4,-2.6464618610250825e-17,5.774772260903693,0.046511627906976744,0.2685940586466834
TIRUPATTUR,85,4,2.873518416676876e-17,5.871970378555753,0.047058823529411764,0.27632801781438837
TIRUPPUR,88,5,2.5547745737112976e-17,4.192240959612936,0.056818181818181816,0.2381955090689168
TIRUVALLUR,89,5,-2.8691156816155733e-17,4.989131703265144,0.056179775280898875,0.28028829793624405
TIRUVANNAMALAI,88,5,1.3246979271095618e-17,6.0679776285595874,0.056818181818181816,0.34477145616815835
TIRUVARUR,3,0,,,0.0,
TISWADI,2,0,,,0.0,
TONK,88,5,-1.6085617686330394e-17,5.989562293124459,0.056818181818181816,0.34031603938207156
TSEMINYU,32,2,2.0816681711721685e-17,4.24599790828398,0.0625,0.2653748692677487
TUENSANG,86,5,6.454785026890445e-18,5.197694454779515,0.05813953488372093,0.30219153806857646
TUMAKURU,86,5,6.454785026890445e-18,4.841970752699931,0.05813953488372093,0.2815099274825541
TUMKUR,86,5,8.713959786302101e-18,4.562935341842004,0.05813953488372093,0.2652869384791863
TUTICORIN,5,0,8.881784197001253e-17,1.788854381999832,0.0,0.0
UDAIPUR,88,4,-1.766263902812749e-17,5.97771940946969,0.045454545454545456,0.27171451861225865
UDALGURI,87,3,-2.2332072334414068e-18,5.3730501899585805,0.034482758620689655,0.18527759275719244
UDHAM SINGH NAGAR,86,5,-4.841088770167834e-18,4.2758700222657655,0.05813953488372093,0.24859709431777707
UDHAMPUR,85,5,-4.244970388272658e-18,5.3017240504408205,0.058823529411764705,0.3118661206141659
UDUPI,86,5,4.35697989315105e-17,4.968350562842667,0.05813953488372093,0.2888575908629457
UDUPI *,3,0,,,0.0,
UJJAIN,85,4,-2.2857532859929692e-17,5.770470902262051,0.047058823529411764,0.27155157187115536
UKHRUL,87,3,-1.0847006562429691e-17,7.234918146557299,0.034482758620689655,0.24947993608818272
UMARIA,85,5,2.5469822329635943e-17,4.526654414962984,0.058823529411764705,0.2662737891154696
UNA,85,5,-9.79608551139844e-18,4.908878836734392,0.058823529411764705,0.2887575786314348
UNAKOTI,84,2,1.3216940769347101e-17,5.880349220589369,0.023809523809523808,0.14000831477593734
UNNAO,87,5,1.4675361819757817e-17,4.653522681532719,0.05747126436781609,0.2674438322719953
UPPER SIANG,81,4,3.700743415417188e-17,5.007518454838855,0.04938271604938271,0.24728486196735083
UPPER SUBANSIRI,73,5,6.083413833562501e-18,3.842256202998412,0.0684931506849315,0.26316823308208304
UTTAR BASTAR KANKER,85,4,-2.155138812507657e-17,6.49269107872011,0.047058823529411764,0.30553840370447577
UTTAR DINAJPUR,87,5,-3.381713810639845e-17,5.766095539868226,0.05747126436781609,0.33138480114185204
UTTARA KANNADA,86,5,1.3555048556469934e-17,4.7252368476738225,0.05813953488372093,0.2747230725391757
UTTARKASHI,85,5,-3.200054600390157e-17,5.496295529810112,0.058823529411764705,0.323311501753536
VADODARA,87,5,6.380592095546877e-19,5.135531993245797,0.05747126436781609,0.2951455168532067
VAISHALI,87,5,3.158393087295704e-17,5.176153742513546,0.05747126436781609,0.29748010014445664
VALSAD,86,5,-1.290957005378089e-17,4.757156844146523,0.05813953488372093,0.27657888628758853
VARANASI,87,5,5.997756569814064e-17,5.2904567808217315,0.05747126436781609,0.304049240277111
VELLORE,88,5,6.30808536718839e-19,5.15386961086683,0.056818181818181816,0.2928335006174335
VIDISHA,86,4,9.682177540335667e-19,5.958211619347617,0.046511627906976744,0.2771261218301217
VIJAYANAGARA,83,3,-1.738903532545426e-17,4.941890786240894,0.03614457831325301,0.17862255853882747
VIJAYAPURA,85,5,-2.5796358513349226e-17,4.659613664900785,0.058823529411764705,0.27409492146475206
VIKARABAD,85,4,-4.702121045471251e-17,5.788169589863284,0.047058823529411764,0.27238445128768396
VILLUPURAM,87,5,-4.0197730201945323e-17,6.048777316642857,0.05747126436781609,0.34763088026683087
VILUPPURAM,86,5,-1.7427919572604202e-17,5.887576795436573,0.05813953488372093,0.3423009764788705
VIRUDHUNAGAR,87,5,-2.5522368382187506e-18,4.593329155787381,0.05747126436781609,0.2639844342406541
VISAKHAPATNAM,88,4,1.261617073437678e-18,5.585990255824349,0.045454545454545456,0.25390864799201585
VIZIANAGARAM,88,4,-2.460153293203472e-17,5.465439602196027,0.045454545454545456,0.24842907282709215
WANAPARTHY,83,5,-3.34404525489505e-17,4.688068620710885,0.060240963855421686,0.282413772331981
WARANGAL,88,5,-2.838638415234775e-17,4.83658278884932,0.056818181818181816,0.2748058402755295
WARANGAL (URBAN),9,0,-1.9737298215558337e-16,1.7638342073763937,0.0,0.0
WARANGAL RURAL,85,4,-1.5673736818237504e-17,5.670924324269768,0.047058823529411764,0.26686702702445964
WARANGAL URBAN,84,5,-1.6521175961683877e-17,5.131661514040049,0.05952380952380952,0.30545604250238384
WARDHA,87,5,2.871266442996095e-17,4.846970153136616,0.05747126436781609,0.2785615030538285
WASHIM,87,5,1.3399243400648442e-17,5.072096274236189,0.05747126436781609,0.291499785875643
WASHIM *,77,1,-1.0381306204287178e-16,2.972496876206591,0.012987012987012988,0.038603855535150534
WAYANAD,84,5,-1.7182023000151233e-17,4.59454705466498,0.05952380952380952,0.27348494373005827
WEST,76,3,2.1181886654032593e-17,5.221610018134037,0.039473684210526314,0.20611618492634354
WEST CHAMPARAN,87,5,1.2123124981539066e-17,4.8817183848922285,0.05747126436781609,0.28055852786736946
WEST DELHI,87,5,5.742532885992189e-18,5.65015757277269,0.05747126436781609,0.32472169958463737
WEST GARO HILLS,82,5,-1.0154478883766675e-17,4.956460505898443,0.06097560975609756,0.3022232015791734
WEST GODAVARI,87,4,-3.1902960477734383e-18,5.105202697197345,0.04597701149425287,0.2347219630895331
WEST JAINTIA HILLS,79,5,1.3350783207517706e-17,4.737177872752333,0.06329113924050633,0.2998213843514135
WEST KAMENG,86,5,2.9046532621007004e-18,5.316275724022644,0.05813953488372093,0.3090857979082932
WEST KARBI ANGLONG,81,4,-4.557396983800797e-17,5.91239051103628,0.04938271604938271,0.2919699017795694
WEST KHASI HILLS,81,5,-4.865792268418896e-17,5.1956620711875745,0.06172839506172839,0.3207198809375046
WEST MEDINIPUR,4,0,,,0.0,
WEST MIDNAPORE,85,4,-3.069440126904845e-17,5.634958512775523,0.047058823529411764,0.2651745182482599
WEST NIMAR,84,5,1.850371707708594e-17,5.484011665088295,0.05952380952380952,0.32642926577906517
WEST SIANG,81,5,-6.1679056923619804e-18,4.224465703266394,0.06172839506172839,0.2607694878559502
WEST SIKKIM,75,3,-1.0362081563168128e-17,5.395885797146456,0.04,0.21583543188585824
WEST SINGHBHUM,87,5,-7.018651305101565e-18,5.474592372782415,0.05747126436781609,0.31463174556220774
WEST TRIPURA,88,5,-4.005634208164627e-17,6.072330899769471,0.056818181818181816,0.3450188011232654
WOKHA,82,5,2.572467983887558e-17,5.363925445818507,0.06097560975609756,0.3270686247450309
Y. S. R,82,3,2.2339853544286688e-17,6.16538636236546,0.036585365853658534,0.2255629156962973
YADADRI.,85,5,4.0490486780446883e-17,5.328384332426758,0.058823529411764705,0.3134343724956916
YADGIR,86,5,-6.777524278234967e-18,4.374726218730311,0.05813953488372093,0.2543445476005995
YAMUNA NAGAR,86,5,-4.195610267478789e-18,5.184955760960154,0.05813953488372093,0.3014509163348927
YAMUNANAGAR,77,4,-7.209240419643874e-19,4.401473845846797,0.05194805194805195,0.22864799199204144
YANAM,60,2,-3.515706244646329e-17,4.9279305314707464,0.03333333333333333,0.16426435104902487
YAVATMAL,87,5,-7.656710514656252e-18,4.598448612404926,0.05747126436781609,0.2642786558853406
ZUNHEBOTO,84,4,-1.7182023000151233e-17,5.797588195687568,0.047619047619047616,0.27607562836607463
